Switching_Freq_Hz,Load_Resistance_Ohm,Vin_RMS_V,Duty_Cycle_Pct,Inductance_uH,Current_Ripple_A,Vout_DC_V
31694.5441471602,167.608165575304,198.19027121538,61.8914758942694,726.231682639242,0.344528171488364,708.736780881021
20312.789034259,211.063763677894,209.385960019014,61.5539548993923,729.693813623632,0.190340681632396,771.986366781955
34095.7838352651,194.348650729995,205.649854984448,62.6167194873564,777.476840843097,0.361497574299881,747.060090065358
32116.53113886,183.593240098011,218.727199814032,62.1004536448871,706.113681386317,0.412487655148644,785.401348215687
33459.8708810677,150.024922970557,227.366407052415,59.7447410987237,798.88459414394,0.29589228643611,772.894479102367
22820.5033986866,209.609053417253,236.505079822025,62.2811675728339,763.943394902806,0.230986808214473,875.940944803579
23676.0346085586,181.847171203378,209.936638113572,60.3738544546075,780.682944567098,0.371943041759628,722.017397329087
25747.4878681022,186.900437512696,197.658445280545,62.2186217193535,759.572726565553,0.323641416178687,711.976090247584
21728.6802160938,198.381130294377,195.256012558598,62.5323735995058,778.994913509784,0.133909976473599,723.031620650912
25645.7590487744,215.62597440085,236.667802252505,61.3908155964541,744.188272935809,0.179703641627162,854.065137654748
18116.0609803438,160.885970306524,238.409847923046,61.5524661950132,758.651458543671,0.510409118208148,844.732286273706
32719.5099359134,155.128182762356,200.056208863772,58.728680423594,767.139791928778,0.237493728591122,664.860249320128
20614.3677544891,158.376955857771,195.555726839211,59.639336224477,789.996824493171,0.388700009709457,660.82392959691
26191.1701329379,201.759547377567,234.314599918469,60.7767173728927,703.828392041791,0.243293952840906,820.800913525946
33734.8626239111,158.882087298778,226.631787121806,58.0206539937952,712.246308530609,0.257994971213203,743.436685957549
31739.564418812,184.420454644625,222.667452495075,62.2200352842672,769.849322391282,0.461565942392117,800.119909076154
30825.0025802659,199.201684282958,221.446893346848,59.9238116248413,735.649225452461,0.352987975389927,754.644755341417
28172.494461553,199.797409433428,232.922176980455,61.5733262144646,768.43517762486,0.251868997198419,829.611003763872
25139.5447952699,178.209200554856,209.562357445546,61.7893788548631,724.946310311116,0.355127937550192,746.789693715216
25298.9526466155,198.507432987239,214.115418496977,60.7261149866019,763.740355128209,0.201526878143746,747.552834552426
19447.8090956581,216.405099966795,198.969188784157,61.9122500265185,748.067587229715,0.181881232571044,753.19875853219
19052.4448538558,152.099498412321,223.14022053695,61.3703744150749,713.785582119075,0.442493274956109,788.672086773422
32126.1567799666,196.55364764788,243.039703916873,59.8688606984595,792.77122549632,0.401031288641091,825.571382875274
24737.7713692185,186.292246868829,209.211160671062,62.0965963349283,779.479434512406,0.326877399548253,752.289269016719
18844.7935610153,164.939519894754,241.423551966136,61.1537165150783,778.355763612514,0.483349835931223,846.659752139475
29045.9813696109,171.688087980235,230.877299474697,58.8277176347751,770.015179007173,0.331227748275756,767.076998727792
29387.1763827775,208.179567042276,206.965694970877,61.8130588720414,701.807374516677,0.187781433455517,743.159150444518
21791.9949100576,190.540474954352,227.709615521229,61.3596181865855,750.874055455604,0.202032006146096,809.654762441055
24779.0172595711,151.111370404305,213.192339989614,59.4480799973883,775.610940160983,0.284929963372778,719.715946315334
27567.1321033008,217.50355525178,201.330958101997,62.2015178484232,723.969221116532,0.150320945288939,739.15183739375
28046.7309175592,196.136256888043,199.463532582454,59.9540124627364,762.662803636294,0.295424606320488,680.255128600494
26367.0655859316,180.607612744092,196.066955121546,60.7581054771019,792.815769774712,0.395825666672786,679.738454245149
24099.0955684817,199.683962919155,234.225904798072,59.7638507987638,775.684974465259,0.183916273367715,800.551987585741
19137.7668443202,164.222828315475,238.803369826375,61.5773188196135,755.243729203123,0.500430774028818,846.156089069035
18337.928216953,168.394010352624,218.520491782703,60.8693830765667,732.559678549129,0.38962984914204,762.610157619448
25588.7799082798,160.274809939247,220.882483998188,60.3902634472875,764.596133189457,0.375053618416342,761.413991457158
21330.9621651221,177.552048873244,228.831142024883,58.116020127127,771.819741625469,0.3758563097839,747.594474656728
33942.2978983805,213.177400169243,229.474136078226,60.9778444643391,764.700560997582,0.207935459402417,806.401848501447
28740.9120600332,176.895775733686,210.675975907415,61.0867371214234,776.040865106461,0.421831766326145,735.718864315663
27822.9389541169,170.324873181603,203.24417569102,58.9332776138815,729.512825689579,0.304416855821766,678.183738971375
24704.3620105722,198.756760292343,216.15229064923,59.6930367705194,751.352342091328,0.209005820916874,736.393898100037
23538.2903744651,210.49043219966,229.23364823671,62.4195427722275,755.27522588924,0.21758446080803,850.531342851825
20944.8460544643,167.057098668846,234.512197264504,60.7374417013372,710.021349559948,0.451052829491096,815.579564243782
18938.3022349404,206.398766573745,199.380354052813,60.2634139490889,719.431616822865,0.162059773723077,711.753296488918
28665.6314817984,171.499086790064,224.23312431497,62.701057787352,732.127911773904,0.469511001154022,816.807387582337
30888.3133311377,167.192853606052,197.856493797223,62.0724004174584,704.868494868318,0.358047639033,711.425314755491
32381.7702528946,182.837308603757,235.553552353911,58.5439730233728,725.50642727879,0.335044685844862,778.705140560213
30106.121258017,154.830846936419,227.913220453871,62.2985914564437,752.552383375159,0.381763418257977,823.915670084516
33102.0947753932,209.905607939287,229.164356767571,58.771969810154,754.672838667589,0.292935499717449,760.768463339016
34767.3549926699,211.101507735665,232.402505554698,58.9022586508913,727.110887041661,0.322339492296344,773.988273210138
34400.0639536926,197.061206397299,219.40505359768,58.4254967577469,794.363176218407,0.370254625419019,719.726120250787
27973.8111631535,171.358162053171,209.774518867973,60.4301874489199,747.087648923616,0.374577949433433,723.363554863852
21719.4201854115,161.601075505933,233.583654537286,61.1913812664306,764.626906885965,0.483268735150276,819.806201568543
19700.5278589472,198.51473580924,233.327402386084,61.7046650694275,703.01582434925,0.191757077353297,850.089318524295
34916.2042338999,157.236735035456,202.007910417489,58.1464467604841,740.443555357414,0.23939572249179,664.292791693355
23157.5871892503,178.324204033717,240.061163981631,58.9118021847896,754.705801469345,0.423389198885131,798.334011101269
18547.4942633513,156.606272636455,206.320602743712,61.0712737459537,732.77987285472,0.430126912235153,722.664099760327
24521.871627437,179.337030989332,210.026235549847,60.6349774379566,718.577325203951,0.386773311561519,727.907162899564
30357.1559795489,159.189661930219,206.059341259425,58.2778325909457,722.40651285424,0.209201110079063,678.85003508043
32985.3431713888,152.275370544316,243.272474345089,62.694854741178,747.041386878699,0.365633617045683,889.405696277405
25845.707361406,180.98659431689,209.826808892895,61.7264253400025,707.948223521707,0.393206465882461,746.738312855687
22938.8540384712,189.139039441329,243.487084866323,59.8608471506965,725.685698294418,0.322988353467921,831.85597012452
30874.7770446191,180.378504659843,226.496069371117,60.6708721329238,772.342488512881,0.434302890327402,783.12077845603
26225.9675239663,162.470392635616,204.119336656233,59.9617544824339,723.700720641944,0.306101335573457,697.853241002259
19435.1857751534,155.690341185871,222.500804716169,60.3187510732158,712.97169154639,0.415456459853644,767.593931405922
32903.1592611215,158.808690413587,238.689084171878,60.9212577372193,709.271773781643,0.294157542635093,837.488413944326
28958.58002079,200.582168140636,222.914508146673,60.0846718429978,799.110294431238,0.262274672492866,763.748974082967
18582.9265803608,151.216997723078,201.937845795083,61.06906897149,709.637074207189,0.389662166217548,708.285994477601
18099.936119988,210.053636196095,209.307486990359,60.3622017982673,744.023866097583,0.172414914432843,760.172595805142
19458.1858478466,208.402563899224,206.515874496388,61.2498572760609,751.692892658403,0.189923745211826,756.408222902475
31765.6109455071,211.54297276151,201.539473931427,59.3448608856982,796.595325351623,0.183808376730347,680.193080761997
25908.881067083,211.345993921207,210.881347042092,58.8764125446771,788.828014904258,0.103737986109911,708.330568307121
23665.7313766407,196.320449123977,227.613470080259,58.0831759792888,725.954355253946,0.252356313403952,745.771545944514
22241.4682631386,208.891530341992,213.907160690336,60.9425386328272,709.427946609551,0.148785019075139,765.10736270503
26291.9898888346,200.876114987998,216.675944561894,62.9085719494356,744.577413466052,0.162851694061291,801.823246673366
19374.0481889417,171.202890857813,210.450936871605,60.1967516465732,711.106744951609,0.369143491997311,723.423675819601
28390.7692230209,202.698726329877,244.763824838339,59.0969822401018,786.635697939862,0.282766066414463,819.786100700504
24425.4102820263,193.005415396449,224.094144461499,58.0782629322784,770.525506355824,0.299151741197792,732.100514199122
32408.5268912839,152.056479628316,235.918719183065,60.5748705642457,794.091779598658,0.362166407957558,818.313799907405
30470.5587513716,204.702172714829,216.55451945075,62.9743442564688,757.957691185903,0.179403536400097,800.377064898446
18275.7050188212,210.744842554728,203.823006997129,62.9282786305437,737.298140322101,0.197888107909318,793.483292140389
20679.734482796,185.971436037463,236.773989647638,58.5663874447026,750.429344387383,0.279876691182234,784.908134665945
25790.7778182048,183.496364339865,232.532964574502,62.0987494697974,717.786170963508,0.428011186873009,835.314471037173
28993.9824513235,179.483940360189,211.127247166576,58.8875612957555,746.987136707319,0.339018752654418,702.51861973199
29971.2497694626,200.103829405781,225.094229922049,62.0339884453221,799.837790750097,0.23929077388714,810.086926609425
31656.4919470352,165.108170383547,199.598635608081,62.2735121716853,769.781523656108,0.397242208633144,718.866484355294
18731.332586527,204.023873209961,196.577617810511,58.0500034706067,706.554925341581,0.132889242012189,661.536887099528
18292.3778685822,170.53304871286,235.166145998721,59.2032840776246,773.214561691232,0.392769386068141,787.286908350074
28115.0804821121,168.450010053325,241.986256978849,58.3062138525535,711.055528441094,0.289083386583317,797.542854425212
30100.3248484708,206.551045690155,212.104093814195,60.5166902732411,739.69017776773,0.255111976585063,735.40119131085
31030.2252734755,162.415201242764,224.718749918655,58.1425588609784,778.907543712892,0.262718960673533,736.758352063601
20496.4292856442,209.930163282799,230.3599694594,61.1067654339219,714.628507111152,0.199655135011432,835.891851693472
34492.9683042762,218.743467538108,231.650212255635,60.7797104379734,730.800946704777,0.208361545274574,817.409669847828
21808.7620802683,172.481195943643,218.381467260201,59.9951853565585,721.820317370296,0.393571624171344,745.834873941882
22253.2711039243,214.817034497093,225.365066484702,60.346702509339,786.425631469556,0.20116530678213,799.67494021458
20486.4900088441,189.063535606993,227.455799540757,62.9535277789456,716.353739420676,0.159817324884518,844.979721442911
18662.3136841685,168.313073656601,200.174455680684,58.860885240905,754.230933830951,0.354879526847119,665.519049838937
31513.7695706716,181.246609821836,226.894616501846,61.61684773265,729.212562753895,0.439501176249383,804.790856955662
18067.545510273,205.787808737758,220.431383039911,61.1939414877076,751.326331419583,0.199250709427262,811.833933160287
25635.4549496387,196.174888223886,213.618444100271,61.2971112897412,718.113319409576,0.248212567666341,756.076619092872
19522.9357231062,183.801789728818,208.446847159598,59.7827886363372,776.286215727758,0.209984934122536,712.379039371801
18670.1022689129,168.181666604737,226.46766739541,59.1110386793684,765.479665760826,0.410627131541094,756.975568508603
33866.7355250662,200.466865354423,203.720716629946,61.2102743256771,704.582733425333,0.339552977225773,716.562181964754
31816.9275849165,171.995114322501,234.939483851753,62.5593571963602,794.556558741314,0.495506655299454,848.475045385069
24620.2863144183,173.239248419821,203.871886479698,62.8884150218231,789.003571927953,0.447633164980288,743.893538650554
25561.4623739454,202.236310243029,232.829057402699,60.4269551024012,731.513223937003,0.202189552548321,808.699055023968
32560.7819270807,188.50582066216,235.230500613116,60.2267773791498,730.558920584762,0.400136951439589,806.986986984151
31270.8872404883,163.104673993916,241.892325692405,59.801597126215,750.232305497944,0.365975870065694,824.671859336221
29584.0810797795,197.674037295588,217.662001826452,62.0386264374998,762.942467256539,0.290311976638289,782.42035738395
26898.6600761756,168.215789140231,198.303624130073,59.3061105566157,730.465670791321,0.324793304204487,667.087184417889
28247.2162174653,203.140939928596,228.451774448452,60.5769991757529,779.618134747764,0.221946838472515,793.872158626018
24570.6024154165,183.167180569144,209.172722819611,59.7823848244616,708.586811709238,0.350971194161307,711.170218857885
26748.2570981343,191.114611985453,199.481949485487,62.4105697550222,740.254380944575,0.303991377040567,723.471509973246
26965.0084509969,191.743246217156,237.421613515619,59.4386848702279,756.482122501141,0.384932404100531,799.422098407472
32517.7766139779,159.901402081901,202.199499157448,61.3967168669488,779.959238959614,0.334668861898974,713.786631102196
21634.5040441747,195.001096300335,220.148026386782,60.8948681009354,786.743545516792,0.12775360686611,774.411703826823
22172.1354328757,210.256453732976,233.735602995374,59.6697385113768,726.735663267433,0.167289093170221,808.510436450003
21508.9676126794,212.253045782814,205.390572103489,59.3039410550654,726.369279014833,0.156962827960375,707.212364654733
27680.1204656414,197.757654378732,239.497033123979,62.0112904174201,737.637903356663,0.287376713851878,861.628123633047
29647.383334894,217.917910648854,211.313141831672,60.5565563193745,743.302175109538,0.107345603524628,739.230747372264
22028.6953479962,191.519260933878,214.437294222212,61.0135837228464,784.572421828775,0.178459295943458,755.317962190695
29249.1997706304,167.871149009172,201.880315125809,62.8129648483577,700.713427291808,0.382086832305357,738.995454368127
28593.1035724878,195.546297165715,226.858408450846,60.0758071804899,769.171925279412,0.351537680158765,775.294659232282
23379.1705224153,213.668828069263,219.338350833639,62.0878324438797,724.179661907205,0.201366354814273,809.188638178705
21825.9100864009,175.289047975774,243.591891591296,61.1634604736834,787.808892566036,0.473037918075483,853.687163459782
32814.8358573458,168.880630006133,229.324949786386,60.9097374135653,733.148868502497,0.358715322200008,801.229077483707
27505.6969989417,217.631298781279,232.279198956221,58.2971251329856,754.428660238764,0.118982142857062,769.36431704049
29779.5383020818,203.637706255043,205.368325365084,62.5565237080451,733.955944037158,0.202697256131773,750.316770326318
33607.6487297884,153.669288053251,230.094669535574,59.1667902641601,742.895743589075,0.316321266364587,772.835985885514
21378.1431186767,188.664724852232,222.681634979537,60.4008693880766,752.689627399778,0.221482188751197,771.819531711727
23927.9917503438,166.484013467988,214.77320876747,61.688435419866,775.301968756869,0.461902891359614,761.336579136844
25094.5588086009,170.171074284964,233.518434535244,60.6113435114847,713.402051628969,0.412551559016044,809.803232685942
21882.0922667727,156.430214842555,243.789123540375,58.0258909118114,736.230772505827,0.328372004102855,797.326624020924
32063.5617709087,166.17617357762,199.713960431093,62.7577220848772,765.012386801831,0.413160802941891,727.663193180046
19379.0594329353,184.942043072209,233.821053803547,58.1187707142004,760.318709838725,0.219253776064578,767.993088782027
22044.5701316357,155.749235434708,240.92399697845,58.4891318270652,778.275349416063,0.372460554769189,795.464431677646
21146.5617095103,212.129113772177,210.263236653719,59.1488094037038,788.509303342144,0.1749026380086,723.445185417003
34222.4213778609,204.130100471096,213.066063397704,60.9346372297005,710.46745678839,0.329934304822843,744.173351713597
28570.1561812837,176.593398603499,234.167878766329,62.8647565467638,771.745447047951,0.501154680697845,854.636709367237
30010.3589143224,158.892257064654,242.743234278434,62.6039736618589,729.808019042148,0.433912589347652,884.337976081604
19732.9443403285,219.685146030116,241.812395580079,61.215191498697,748.486278157593,0.20834476232677,900.794169156671
21175.3282323169,188.70237114143,197.949458365825,61.6528427338991,763.668352016522,0.169615141033943,708.692136156046
31515.1589632207,179.129065322332,238.097347942223,61.5258043112751,716.761227742549,0.448382792325731,842.948100276958
27492.3737275349,163.682470489567,224.116869897882,61.4007027543908,735.75511778633,0.394201110390719,791.60447930894
18696.9128286063,164.1040385388,215.588004639118,62.0728486127289,797.753737326288,0.458719541025712,771.864447362736
27456.7953174015,205.416370491891,236.73265431787,59.7302114038298,714.953709991487,0.234735773609032,806.60675428198
25811.3643911014,186.111069423934,234.34267232556,59.135851417802,709.11714119202,0.383641056393395,785.260598972035
20462.1421170949,219.024625233739,220.30832387666,59.7965351134565,783.668791070028,0.184775850878838,784.409954278518
27992.9905266325,216.657042560177,215.015321248652,58.2646313066967,743.699262097133,0.138781688684026,710.825682122617
20830.4799985151,164.462628409392,217.95563198746,62.8474826982965,768.195772573644,0.494249145241134,788.546242164957
31542.3736723653,219.961378626491,210.362984529055,61.6433801881457,732.080370738392,0.116142850009666,756.313262682624
28404.7407616843,219.199393832508,228.611465240382,59.1040054610071,722.260357445663,0.121442851150798,772.191314034648
32620.010536141,205.678352187348,239.089123242556,59.3123008015703,723.270396793593,0.353315880738329,804.71906711414
24991.1753564347,177.105112173179,207.846677681024,62.9718033425459,721.988237693618,0.295753088416747,761.888322494229
26403.8937375285,165.868660835627,235.645720821962,61.7838281639831,726.943855779083,0.450337767924412,840.638853793347
30548.4014647415,157.277691799811,212.96498763565,60.2280410219091,724.226589787573,0.264131755458284,734.313250603868
27088.7400657827,153.815785299926,201.922529512063,59.0567130177457,781.504352819691,0.258247100279551,676.129583438726
27542.2768992365,207.249421564354,197.346495213179,58.2283594068199,753.947343397949,0.21637545748447,648.875344054685
27175.1925250671,216.125006000425,218.309406622261,61.3298920557416,731.376867817935,0.158601168455587,779.776977593623
26051.0149503933,203.947892342394,223.23416895776,61.8525940504879,735.697048287559,0.158606604431485,805.125499630935
31428.3920170811,203.058842078668,195.371814087099,58.5950707902742,796.137495896533,0.277709731466968,644.361700096531
25955.8259802995,178.564817414352,227.253654537944,58.0161792011616,720.702309867349,0.344930047273881,742.178588141655
33193.4125796638,194.439344867843,220.828581860028,59.8508561200114,788.344766175729,0.384236535582133,748.99694945833
31483.8526660358,196.541283031071,244.865506765767,61.315588577507,774.347457773223,0.390252516253029,862.083044472535
29597.6127295078,168.162950716723,200.262550969618,62.6175740479505,762.545641614673,0.434408253523021,726.693932462263
33150.4319234748,201.58123839834,229.654961353766,62.4236384497708,763.265415681753,0.300111342431392,832.924651937509
26904.6587106412,159.848297917708,206.105932323979,61.4131116140422,742.649392390331,0.359867346379951,728.433742527993
31755.962294816,170.677969597407,205.665931298688,62.0870190886529,744.630317179857,0.398894366276394,738.095372101783
22088.1361051078,190.688672456195,196.192072561694,59.8446148950309,779.702332850668,0.20161292884621,670.680629892659
19214.2149305411,187.247010455127,195.43339144417,59.2607187048542,781.296556486423,0.139013647224183,661.279134118428
29437.2191289822,198.931568455616,204.640912006871,58.6626901614238,758.153396580566,0.312449885278372,676.679832917737
23049.484601197,190.330482781578,204.007763726313,58.9360809451587,776.994122640738,0.271258333301428,680.735484639037
28670.5218184059,153.59814934077,195.046759352976,62.8211637388524,781.143610698817,0.372598953460229,712.439634136578
19263.4801326838,218.726590111996,230.333199024843,62.6635721791672,734.119758520696,0.212276869184925,895.460740113039
34265.1073466203,203.355608254649,220.08037134815,58.2503011589281,763.237803075822,0.341219232003314,720.583447667112
26475.8121073898,211.499500724726,214.352384878758,60.3804998858184,744.349847445884,0.104867602725916,747.097026362133
18131.3890077964,206.120829685739,200.213595426139,59.9479958232504,710.712526129031,0.154021921376664,713.874225480506
25828.0931317217,164.892804690598,211.485992398578,61.2222337420673,765.731457355672,0.420202518591152,742.11572345716
31103.4566408883,215.195910190903,217.867777243319,59.6706006389963,759.90459374495,0.169176522203127,742.425437661327
32523.2017465132,219.072513928666,244.921237645541,59.4255792503458,711.43609559292,0.219316669329661,829.673502768818
25616.8509368426,155.833844951518,220.420672255212,62.0321696092853,707.866534584694,0.363968134618485,792.684872989151
19994.9039989808,160.935243884772,196.203885662028,62.7513212781137,727.183681159633,0.58991744442778,720.648648225389
33273.9501077677,219.411694997725,205.711463142778,59.0397553100831,783.342583198309,0.154065615658695,691.058863178973
34733.4840192673,170.686899664381,212.715592247244,59.1915074462065,706.901258172131,0.217693559464879,715.433202705539
19019.6268703507,207.161664079082,217.303401250902,60.188397485318,746.620591195201,0.183439704574655,774.401169448508
19267.9255237148,155.326009498488,228.297155001537,61.4969542557591,719.758013692947,0.473277533991925,807.793258899074
27446.983241372,201.087470271448,224.410144208187,58.8546695361994,727.587490796832,0.298102776193446,747.364688682575
26827.5103022441,198.660657386643,220.280231223337,60.3759042718931,777.180339628818,0.244161599425592,760.803151408529
27899.4413171622,215.681416791382,236.196877057818,62.1979331203578,784.676155576762,0.205670135032252,867.148843876885
23291.9499175882,200.714151886547,205.096986303558,59.1871142403864,758.868518249642,0.129659284362057,693.563454793835
18766.8033512959,152.944040991917,198.999165652377,58.2577393827452,785.580256574054,0.339553311753015,651.274474813379
27705.4698746252,181.078169808906,236.25145101327,62.5356574316107,784.987630658674,0.46999248753741,855.42162938302
20421.892770517,174.775956564851,217.607695466787,61.8983048875355,724.290506034498,0.356110228847008,780.067841558217
23792.2253376664,189.409356319868,222.423214000732,61.4696975859532,765.570036558313,0.294589978691766,790.709791667351
27759.1992971796,179.607646004779,236.133218554351,58.4626756410283,777.987617207048,0.406944763241289,776.903545156852
21446.2209872641,169.877934523926,242.292409702493,62.4988163310788,757.030169623487,0.510804684398754,877.499034965237
27037.2326822189,195.616294264747,222.372266665957,59.5486609917184,780.548266045351,0.314867094450229,751.489603967655
29951.9115477376,171.915127543573,235.000194499788,59.0887184178239,763.887178007846,0.369353086648919,785.4937121616
19087.3464532713,209.157115915809,221.895502924492,60.4586723278347,729.875849955864,0.184691385236923,799.082045444217
28458.4919685993,172.763080019037,196.905036499676,62.6054428315707,769.210197553665,0.42956774216741,713.821626650478
26331.4215645637,185.847490151633,242.802964901587,62.9797529783458,760.131347514473,0.424806918167814,892.084593162148
19575.529911597,207.489020232674,235.286741803559,61.0287904966121,763.33524199317,0.217044386503865,854.511176844452
29818.4719214989,207.29827579332,231.900599928578,62.7909651958944,710.574196149532,0.201619347657857,854.783423785262
23229.3013567261,190.478903194254,216.597003318481,60.3097056220963,714.247511917461,0.274095727127776,747.614427372226
20985.9882559154,176.494012587751,242.075978257093,58.1735474576873,781.682304877007,0.406170233810238,791.33201637418
22764.2362061173,188.475413378233,219.048233522519,59.4112271030691,743.843236120006,0.292905505361016,739.835057551541
27086.1257161804,209.120924279593,230.463066501526,59.5269432147746,723.787323764288,0.1838547641034,783.412581112222
27693.2866346731,165.462139715189,200.003624324907,61.8718565720703,710.230467103205,0.355177288896597,715.516277480979
20752.1880106017,158.49387543233,206.236170209886,58.6672844958952,728.397098303309,0.326007960656707,684.18553638601
33909.8402658233,190.260676320979,215.785413498958,58.9032364557797,731.160138066191,0.334140444296248,718.653365423861
23519.2238764208,189.774916396691,223.970975392713,61.0371291506452,798.336263451647,0.243636128030104,785.557191459124
22509.6486925118,170.618851064601,234.575391308852,58.6930276052177,783.588358372553,0.437169924144172,775.650653838589
21045.4073705826,180.153281408597,207.344221878697,60.5002758178133,708.532822431131,0.313945945350918,718.650063306682
19866.6632502203,156.556464153082,232.928526760396,58.20189722958,775.431607693971,0.424320413981676,763.354936898221
34754.6047308017,158.985492694052,239.051086109225,61.3243491726532,757.359365400109,0.333615436349835,844.468532404317
29207.8699193718,207.752469837584,235.317980543192,62.5421922360309,724.985762148696,0.182323191450672,862.48996784969
31043.3025010634,182.117057083531,225.881737141967,62.4061478053967,775.226972664952,0.469721854747498,814.494270816843
24662.9267039106,156.981116423981,234.847990649449,58.4125894694887,702.975091676513,0.284621536653047,776.212605452343
24838.2196969966,217.213423117344,238.356463867232,60.9018906791325,773.784719142811,0.209968930348251,851.702413164295
34810.9616975947,164.691100436853,222.612891581358,58.5796004481698,789.110833833612,0.25333856455313,736.428352755862
21283.0146630061,172.213913954644,234.872051630499,58.2884846555868,787.868800641599,0.385649393242626,770.983468504022
23476.4306211098,218.162415095598,215.552633964506,61.0003586716909,777.363950161985,0.202626030415451,777.478881989023
21195.8653331306,162.800519791784,220.933028517233,60.8378243864889,793.297271361834,0.470304153790723,766.913458726442
22781.302596942,217.860444647995,197.795785237049,58.5141364386304,770.809024229597,0.14917719516568,668.606400353182
29075.1141509881,200.160719387005,238.711679819894,59.8705329741378,769.337980917753,0.320408153851172,813.106041769133
23188.6611101113,179.45863459237,202.266853203044,59.598519161517,702.295409671796,0.334490948023087,684.836031392357
32680.3360691215,191.075440507898,208.932235912279,59.7581677417334,719.066947720717,0.323745059284025,708.852462491112
18723.6290645676,185.295849176539,210.309313445235,59.6958078409673,778.489100708403,0.14907256664056,719.588602044732
23981.9275717329,206.215515293757,200.870261384122,62.1246808379481,799.679674624808,0.178787368066801,735.506534668889
32423.3090325706,154.335088797299,241.043947192696,59.8266062554601,772.414604418062,0.357321357446481,821.962437269931
28473.7759519576,206.888091612611,243.407386396646,59.6830922378243,758.844867080853,0.232574096657327,828.510331754536
30753.8574466067,218.027712280338,237.758120951083,58.1706002202025,720.543613284376,0.215020306627074,781.340228150235
23410.8974517383,179.789565933175,212.342193899599,61.9196947881616,794.616755028109,0.373072386620316,757.903957769222
24249.1107698098,163.276858318944,197.913043972422,61.2663447928971,765.877519004468,0.408122524110763,695.436448306127
32923.8536521909,157.659918304143,204.388320113903,59.7478275439657,749.388939726248,0.248164692847114,696.043574001053
30391.0908290916,174.629607196993,232.896888943341,60.3055210612518,785.424210531381,0.443397774705513,798.952903485559
24446.2985789286,158.958734388438,209.259473556631,61.9535476893302,795.469068721424,0.449242829915746,746.762036937957
21593.1830258439,166.073030347086,239.143389069135,59.774483915927,737.829746549969,0.445052757449344,812.105223605348
19696.3722833155,195.240552382797,235.963502585371,60.4041886553076,752.19135330348,0.159461863555318,827.41469752692
32463.1340762763,178.628296424377,207.123205980385,58.1133658361707,712.817624166573,0.2588977897083,679.961027848027
29702.7572978794,212.964529024876,228.959648938455,62.5780464765322,796.343939650595,0.178948488791252,840.232048666799
28224.9756797306,181.991555861281,216.629010025129,59.9359658879186,713.367323234581,0.398098729835202,736.84835961507
30828.4832368796,160.400168228705,205.985760176269,59.5040115530727,792.736458026157,0.277280998790751,696.398187110605
33395.3395071455,159.473294510328,224.335079797799,60.9885584325631,721.449930249556,0.291406346059338,786.742234581038
30566.4138585952,198.071919478845,236.108167311824,60.6399904427757,790.57670965503,0.340920302994954,818.128811341626
24917.7368187563,193.904843291309,241.245091581512,60.0881609482533,745.634501241271,0.308492607289224,827.154387194227
20885.95218754,199.401964841615,198.098280243829,62.6003900811735,760.688529574889,0.185435390382612,735.777463812242
29923.9878554013,173.964219996403,215.353650007957,59.8948847831829,704.025075330932,0.320358005995791,735.159413877501
22174.5091756149,214.106329988777,224.953834804216,62.9890013536975,739.933168421094,0.225621157056648,858.062407026247
30922.5730467123,157.833659094851,211.736383921772,61.9078781092702,749.885249011782,0.338733967369628,758.095082588644
23754.233299114,152.44883748408,210.345073244232,62.5210071702434,700.811870984993,0.364137451420792,765.814964195994
20532.9858397716,201.864584691208,232.854568891682,59.441291525209,767.095848740046,0.169145103734078,798.997252956541
22292.638032195,197.004542947097,233.494493875449,58.3822823544475,783.980106578097,0.176917420086943,771.03995446696
22487.6613013487,183.689842618468,230.803477112645,60.1906569931243,702.087658158108,0.358090700918503,793.583622029995
24401.6401922929,153.231868750056,239.639405794693,59.5907768250975,749.785732313181,0.371736329607775,813.255989608753
22335.3755671652,157.903667214961,219.323562762449,58.3260256526871,703.527907224907,0.292067980859609,723.61315088001
21762.8811184882,163.491312944215,233.679578153174,58.3948488897458,786.953866620289,0.397457515329242,767.98459639913
24531.9088392375,194.263626085703,195.660984317307,58.8983931329848,717.817039646897,0.258263169255346,652.666798286979
32554.997030586,195.775800231143,244.317041047263,59.9823708162099,706.340344483947,0.393900963137225,834.177303492523
19168.5763720351,196.965534403024,240.863676700165,62.6879446104344,785.02137865681,0.247577074468392,902.23370488629
23004.6852146044,206.013365971257,236.402845003688,61.2528268057338,744.99230854311,0.172693887591711,845.905486829081
27379.0595063739,151.955880225687,224.194921102713,60.0811727856401,710.605735853445,0.287332314796396,770.978945335124
32668.8012978318,194.500635889724,221.847405270627,61.9853789172355,765.678807349286,0.388530212143927,793.645208379867
22792.59731024,167.738328219678,202.830380247835,60.8189980449891,770.652516304521,0.411882186788306,704.62092256498
23920.2030454882,189.449685376459,197.834457881429,60.1792749026448,757.816881855114,0.270407350697405,679.179866814765
31299.3380099817,201.518250701827,208.103250763646,58.7462897388522,734.158322922028,0.311473510845526,690.641299798624
24315.267017255,200.141451966066,202.867164810475,62.6461030482486,742.79103563457,0.120289645123684,747.865692617392
32271.9277389311,170.273347152018,222.810968700799,61.0905838600181,795.657253711475,0.417523275823121,778.438488504303
25496.6637687607,175.138779637141,211.398939472349,60.2709948345484,754.09052266222,0.401546392173748,725.208102127152
27495.3248754921,214.149932753944,214.053833057622,60.2678603717556,740.151192002429,0.107681738373297,743.865075056861
27356.8872413476,209.073114623935,196.620220408387,61.7726604407398,770.986005117074,0.112436428141071,708.984128963365
19851.7941702553,168.075878542054,222.197134529935,58.9236950095462,708.36579748009,0.386418043290551,741.028145576694
23991.912106394,190.576051111563,227.412886193713,60.1807058103191,730.422675433207,0.310376499209196,781.621041759855
22076.3815097766,157.603670068578,211.506377156969,58.3462962057316,724.726071470457,0.297482062407505,697.211628788859
29376.5116689576,195.198280805719,201.819755814169,58.4427348412768,768.878568415893,0.317043685483339,664.041509249396
33844.8182560361,193.337590904714,229.644163194395,60.6374236731749,761.730818562789,0.416321675906564,794.645496279652
21554.83813748,168.744604220214,201.692110147354,60.0032034757844,776.434839165041,0.394533252558133,687.463589699907
19511.6431991171,179.065378699316,235.179722707226,61.5562591468755,743.170139805202,0.272448157341519,837.052601313282
26286.074330097,204.444836872599,221.981316140145,62.9398471690702,718.950789514109,0.141885152329886,824.485494521113
24519.4306368797,167.96336689647,207.143253629378,62.3006357818969,720.366391729051,0.42922406508867,747.470459899178
18555.153517,203.718881599325,239.668621661036,60.2765179429959,788.912152757781,0.215822222417378,853.874458864655
33520.8514262309,172.111165710672,202.377339068974,59.9836819612837,708.26728777294,0.270593211135778,693.257377574727
33987.3223382667,208.315710835813,224.809629578676,60.8782179834492,760.824214159734,0.268408859119237,785.6608369359
32215.1063350119,152.179996260892,225.569375458764,58.4993698263082,725.309144349511,0.306390505285221,746.076169128425
22724.7227196703,168.244269032409,197.171490420775,62.9467791811468,723.533841799589,0.284613634371323,699.374646307103
19902.6976577148,162.631530573561,225.198346139531,62.9166083446938,710.786341599334,0.491791068231527,825.851885225957
27985.5109733178,212.213045793791,229.093841215559,62.6106309596223,798.180808004235,0.203512212323135,846.81814652436
22756.7252830958,179.660248115226,240.381999238017,61.2875454593406,706.471062079823,0.442108888717425,847.673498699535
21314.93313817,187.737702785061,229.840708596811,60.5315925942389,716.349995181467,0.247291960739074,800.140293567365
28763.158469564,166.820221890532,218.650874345327,61.4984730057749,737.358242451789,0.397045086772917,774.159124268231
30411.922498174,158.836075162913,237.19189356251,59.5966898746705,746.084841342937,0.291474709219798,805.424520670607
26734.8826740473,191.501658316136,212.671244977189,62.2703080398274,795.1199607989,0.278132004814341,767.712157870113
23339.7159475914,170.025875709599,237.395585152946,58.7151612335532,726.547377528899,0.388645257661286,787.600545670231
26421.0794411432,214.893013823986,236.587788655956,62.0070259434932,772.528418673238,0.205479838854532,865.718106968658
28106.6216056339,182.988754341369,224.901563546861,62.360864762319,766.496605370328,0.450021428805307,812.442834080522
18804.1192759593,159.399696253865,212.152493000376,58.8727351279518,752.349436305583,0.395943075638709,705.684100756328
25261.8150594786,151.843510738641,224.445417094345,60.406312533676,728.660587092264,0.302236846208245,776.621342432013
28069.7592089907,166.405661111418,240.156137914917,62.471661645234,717.32976042487,0.469663547273944,871.252734570422
20053.1679377862,172.520631802801,226.381190518983,62.8027358695082,719.359263577868,0.417528853350153,829.933788292692
25347.0167829981,164.519093075227,236.370867446864,62.0568553241012,735.733134065618,0.479520950573575,847.097303408133
23887.5460372482,175.599373874328,212.192545101314,62.7219822486989,715.117611391082,0.433182505364396,774.435169404613
32546.418965264,211.405353868871,209.47309903482,62.7077986551157,799.795285704062,0.127541076108624,772.174233578285
25997.2588742393,153.475707695712,208.098128519983,62.9009159749193,745.240475933992,0.400092397939792,763.048542769131
25016.8881033139,205.817098947707,219.163947374075,60.1620373972497,754.526434797671,0.131526735371668,758.455576792379
22128.680697385,179.305431432659,216.18789938683,59.4608928265018,762.727974062244,0.365167440022223,728.317944844842
34337.6797586524,213.349407669097,237.299181377813,61.1378094654045,722.090290295499,0.250268133054061,836.624491439123
34380.990018638,196.286295031586,200.625844279326,58.9597767324923,748.55646104928,0.314105088862076,667.827643356164
24175.3569337194,161.415457482041,222.537842255025,60.7743582726808,706.68578723859,0.376573871458815,775.891029469433
33755.1431244561,216.999526838477,214.730303995259,60.8634894713832,797.0286328037,0.125928241706515,752.354194450235
28413.9110917694,160.470220868878,241.759126694647,62.0247125275835,747.583132282651,0.44542688931449,867.416179669021
30905.6311739554,173.899807880348,233.709517190272,59.8777363756011,702.800226812326,0.335307939624701,797.888179651586
19490.1917748792,218.784838730814,216.267421676357,60.9410176206159,761.432667555012,0.186543754476333,799.873467245201
18326.8398365643,164.858582335916,226.602822202542,62.5185375338023,710.93677199108,0.45689010313127,823.688389607008
26458.6699440441,193.80868917312,231.617506556956,60.2073602681827,779.354660543308,0.324563709744009,795.689880826621
19247.889253443,218.657548294744,198.601212265909,60.8339467203076,795.542131007715,0.17722046770264,734.163149024636
32995.173968005,197.806432038153,228.249014612691,61.894512694464,791.404090125761,0.339565573325156,815.912730642563
31723.0737002785,195.72060665901,202.172132522119,59.2804786807258,743.421574031943,0.325571087891285,678.436642222317
29962.7187163106,193.377883628094,204.731835826243,58.5766596817346,771.588841124272,0.327641245639135,675.022495035201
18501.8194185198,188.319658258054,217.559782561997,61.368992419328,717.237400308105,0.140236937225715,781.299094450996
25552.891722204,216.340952191767,243.832073394314,59.930898358,708.314452188324,0.133891049073479,844.720966648919
19277.8217275167,187.515461544798,242.633959623198,60.0057064457563,782.198031568718,0.161273738791515,836.422182403121
33729.061894724,195.804032873903,239.936819899094,62.6655250510252,769.914227221747,0.400350875024425,872.793521740793
28328.0813504975,201.623455712611,196.974220310946,60.1345628433343,790.434504428393,0.21741500196327,676.360834338596
20520.3550128697,186.588262511131,237.154777184373,62.7743436179462,791.259587411484,0.180502124102127,874.445108215019
27330.822878418,211.949564717839,233.162246308536,58.5897690328336,735.943752476226,0.170402942643477,775.623063074057
19840.3967689444,151.810874281146,219.572354623347,59.7603588822578,733.237542471588,0.349819639120296,745.542512955212
20329.7075614612,177.39566562667,210.795187798693,61.4342114109513,744.778049312384,0.328417967110729,746.230011149701
19338.7439260406,193.058807550615,232.033449923013,58.6796846296105,767.456039565172,0.122000754435812,778.216691462166
32635.7577998277,151.489227981719,200.423074677107,60.039221615618,700.48579522484,0.27687482334327,687.577198099355
27073.3963357951,215.604937502192,227.203262957145,62.2698570970959,754.107810609896,0.1919898009816,835.565053381323
23513.2054061099,207.601281749478,228.13023160778,61.752908541469,701.744897332585,0.155416557531208,827.812990725237
18002.9769207644,165.485833027774,222.492342001952,59.4317824095176,745.491320852763,0.415603395566965,750.164437050671
25766.9485078388,173.304777891359,238.377912209307,59.8466248187141,708.892102144046,0.404476433509877,811.623615703175
26446.2605074189,197.005267322172,211.152870594197,60.5351491506378,757.169350825367,0.256072725317865,731.300256012867
23690.6091111283,174.166905927671,218.254053942778,61.6195266720067,732.880566580224,0.416640634865081,774.064231020802
25937.9946080923,209.46922169948,232.242308613524,58.7844900467019,748.206826996673,0.155049083361867,776.76674903816
19596.2107035742,167.32130078326,230.283603442262,60.6410988317762,796.075707888897,0.477613567664187,796.8360368168
33531.1885987964,207.064335282351,222.938714427619,58.4100693099408,735.25810195378,0.320670477651537,733.693940507714
22352.51663448,182.141513258881,208.736527917026,60.0727470483083,772.287983267663,0.338953580661847,713.764618815736
34124.7589504761,181.297386624901,209.664757753937,58.9660177825314,769.003434653191,0.343319453006989,696.867099179938
26067.0332759092,161.882992895404,231.424900297557,59.5629694248512,786.218255731476,0.374800330405717,781.231800474698
32365.4928360549,218.983737158976,195.349750623004,59.6862809452177,734.674717776455,0.148450132566794,666.477022793492
27640.520714443,174.455858393834,227.280678783177,61.7989134293418,705.869558148652,0.435926580016519,810.741951465381
32137.7472761163,164.270178566798,207.651340404441,59.3564988359955,797.254145338953,0.303908572732996,698.309267419602
18142.5293709337,152.403854737773,228.194259855852,61.3063636755568,737.132872626116,0.477505205588992,804.275665053755
21039.2452932573,183.666772933757,204.686391985971,60.6532326768905,721.687708531105,0.26930001122673,713.082075091643
23963.6172915481,152.344977813542,213.51734899079,62.0129463334452,791.187728956407,0.423320456803297,764.314394356756
22991.7920802307,181.516810884243,231.938061384474,59.6235599995838,721.301363521488,0.392068730516936,785.359946790667
34103.459215959,213.009212617465,232.02204626105,62.9803276319414,753.383125205947,0.159853531549294,859.882416965386
24609.9385242166,184.011946349322,205.806864815232,59.4909032332439,776.055805590677,0.352707195284662,693.270954255146
34551.080362846,153.125716815462,213.48709368502,60.8654931616516,773.64312734287,0.29770919771182,746.22209467479
28882.1257956999,168.83941075631,219.842281899291,61.1357759788477,702.778469031259,0.360593641247726,772.622458339131
31970.8650537102,153.520606588887,224.158410783995,60.6805655407388,722.469037531745,0.286231609940854,781.001160876911
24592.435773646,211.616623334358,231.487218903514,62.2974523653385,788.451824326269,0.22639558693975,855.318745356806
21128.9079004287,166.649010079415,196.364892920385,58.6078319467655,755.966135026928,0.367667913699139,647.584567356879
18775.7722325384,154.676867167111,200.811670112436,60.9252851614712,769.449902033047,0.42890513826019,699.813588109955
28967.6351480375,217.424381310794,203.201158068712,60.5403967203153,740.611992851702,0.0999565348308962,711.002542573041
34526.4505190351,183.552332829339,204.873267981702,60.1756746087937,774.96750971032,0.369719923191362,701.488573927999
19835.1304264046,178.087461897985,196.826900518067,59.7855311908624,730.240742272155,0.294031583610825,670.313107225449
30762.210237135,214.723968194775,240.996841670501,58.7895469348341,725.368977419258,0.228396975694197,804.188594035398
24126.0264907502,186.856238895787,203.469840724723,61.2023809366372,799.603718299479,0.28939056565668,715.06031013418
34914.2789207178,169.918812970652,198.625520486353,58.6292756416897,717.44977416786,0.208240129277759,660.184463952141
32613.7859299368,204.987992554671,217.929748858012,62.1513938847819,798.201280007812,0.196178720209678,786.357568233473
21856.41314933,169.428107388538,241.966207147714,60.3018230545411,792.535189188484,0.490866183214308,829.759128770299
30653.8645038461,180.651546390854,243.189881960148,60.9728233402928,771.869624743498,0.48445808221787,847.740311714108
30251.5612287975,206.036875631301,228.392522124341,58.4275889894363,759.186121296794,0.284176836901678,753.367709210158
30608.336762993,215.162217243185,204.219370727139,58.5030730173515,700.363455689094,0.235432308549802,677.545620368559
19364.4704503571,192.319752464968,195.248478075357,59.193808478763,764.524208179237,0.107870908921675,662.340227557754
31493.2700255475,184.909662053209,211.574158264575,61.8471355915181,777.436853770872,0.417453515793803,752.331912147594
22395.7844582516,155.500645722871,201.512460059279,60.4528198972396,774.074829025669,0.370393352276081,694.298445089611
27935.5898177227,193.120622090243,231.986747362786,59.5753950014335,718.682418204291,0.376016230168272,785.388117030291
19792.9445208692,172.964350402973,243.380960933675,62.2345942534585,754.937516847055,0.428269530872686,878.123738890923
27250.9219186715,185.741422368386,199.122621825227,58.9773782351744,755.420360187537,0.337268055083946,662.419675431825
33277.8676078614,202.072772323019,214.562132184279,59.3277525926162,766.018087661105,0.326008355266962,720.654840692604
20896.9196508866,194.384903267068,240.00188847492,61.8329451496101,783.14297562592,0.172215235463387,868.692659620891
32335.063860196,156.889198498246,230.778683518687,58.1501643690585,770.103542073625,0.262697093692695,757.17198802355
25125.1618232163,177.597054868106,238.011635773098,59.1341053023031,715.699667400077,0.395571677858747,795.789311829963
23399.7805000015,163.702417922712,241.071659142849,60.6058551764814,701.686153253009,0.419890280240357,836.615775641034
18904.4363540223,160.236844060117,215.196098734524,62.565339503949,715.032832641215,0.470855336983902,782.117240654768
26762.3911972676,165.689689885927,228.988066559073,59.3616464282063,704.496678000677,0.302622995407682,773.895359486757
21278.4159393359,214.281138822904,229.859566147209,59.0988136809705,744.39549985266,0.157637964176837,793.284522858134
33976.550851415,199.719017399414,226.175534572396,62.8811707844206,729.707628092196,0.357055142216451,829.324137457097
22013.7998501621,213.641934273206,210.829217685068,60.6274268191536,700.681908153064,0.167201302722964,752.105252593721
27846.8776197155,185.186117056769,235.839640797461,58.3379290500424,708.631737486272,0.352160164842771,775.908076225559
27267.2678004374,150.089686372907,232.741245821361,59.4151405022137,740.215569694365,0.310692766229995,786.635580471596
23704.150168854,152.483174962875,216.799662824889,60.6564571649367,793.713785850146,0.384147386641593,751.467433234773
32283.1966529376,159.755931979346,215.549807122782,58.3984721202279,799.414624091443,0.267567468202532,710.834070129689
21006.9842498198,204.356959465756,195.613139022555,61.4311459470961,705.126553950371,0.162343491009177,707.130194898821
31683.8135627195,163.79254066027,236.573267831299,60.6166302581593,783.064665852794,0.390696633856265,819.425615462911
21416.9953870309,157.082262297862,209.246090972269,61.5147939238447,748.303802615731,0.419840489093941,740.294326062347
18619.0071592734,209.773516700823,217.875490539588,59.7536996583052,763.093258763218,0.179627503059604,773.739016720611
34020.2117023922,165.956650188759,215.082068905274,60.1943897263686,751.071258287872,0.302954022815319,739.264678718762
28699.2068747686,184.651766589054,228.488693721272,62.6583691405737,792.256063315128,0.440856644076455,829.639462353987
28619.329803559,173.979439126903,214.178552936116,59.081156944352,748.151714813167,0.337325826066913,716.684116683367
22461.2229661465,212.671072526144,204.295564619864,58.2210236789364,718.295602596815,0.12191414838095,681.777863529459
20180.7986163086,199.012963918889,237.965267072803,62.9234956533084,778.152508757543,0.248709519662154,894.735902899486
29814.9582817614,181.398004682691,204.467631233334,58.0477857975017,751.913677278677,0.30757431935961,667.508826591636
26574.2801267002,209.985164610888,196.70011341834,62.4546314479757,713.113767798309,0.119051977007999,723.172414063479
23320.6510363909,200.517730811967,205.052472410367,62.1279858437618,746.792621376922,0.127496795857912,747.202636296645
23280.9687424368,206.457818008986,217.286847906001,60.4601131886012,769.521208528537,0.147452403930243,761.492807435537
32939.9883955086,218.675721657868,215.689399010636,61.4931967145326,731.232071400534,0.138025083856442,770.67339543069
32947.4191805643,164.059950526513,234.175047259939,58.5871523726031,790.970721825992,0.291796105551614,775.112113869909
22617.5276482615,163.931678348663,205.04484174112,61.765374399431,784.613130203734,0.447851315986516,727.925921425306
31184.6651541441,188.352889291704,233.039802868042,61.8755205083876,757.790830203045,0.439265762622324,830.814815269086
21786.6082752308,186.987699931025,199.757205782932,58.2753431384508,705.642352226306,0.265071553771323,657.438101516854
31475.4769414562,210.441618721563,218.032404159128,60.5112841462178,759.382157890533,0.204411498651051,757.143215562009
19999.7441471503,160.775865855314,237.785643889968,62.7529493871931,742.067883955402,0.994535287156724,887.259466346066
30509.5748318768,179.233342135559,215.226202755134,62.7646149660697,773.116309886565,0.466528497205609,783.405252243739
27207.988280272,186.705344789033,243.11883081779,62.9310583160246,728.769558644687,0.431118399220565,892.267484809519
19796.4437250225,182.064580453974,226.210784291793,61.2386206534483,762.007526295754,0.247685610513672,800.634692159643
28366.233952553,154.904983817545,232.079738051371,58.7302581643212,756.063257116215,0.269611496403857,771.678688503247
21159.1035460467,159.935923146689,220.394188452272,60.1578427245406,753.174764668618,0.414581633466139,754.956543679951
21179.2238951845,160.341367737962,216.103221284045,61.588209899077,712.925873980378,0.433402539088502,767.266187442979
25318.6162917974,191.169118913393,199.159021807752,59.4470628799176,749.51011483472,0.298625389602087,671.268326755089
34441.5915957393,179.726107534877,201.065473235508,62.0429831395424,755.505801556818,0.422009185564116,719.634671238439
33007.7346260417,162.70137154273,223.358807695314,62.3184643751595,792.557545763754,0.447027465555905,804.408979460447
31840.1119474591,201.473738944144,225.376798445032,61.7629585111248,746.675182701932,0.307420127064796,803.763606044989
32257.2264648972,205.978580826186,244.175295608878,59.7551541074304,765.121040396899,0.297787872390717,842.726206484701
26138.3676224199,164.714548222164,237.517964144469,61.6513747785145,757.86068437519,0.475517796759955,842.382239657331
24365.3793865213,200.196509063774,236.627273142273,58.4006387345211,721.771031443304,0.235063988270777,782.111509322302
32841.4538759792,154.443037233866,209.299035342168,59.7075676172253,720.888756773893,0.264452479347909,712.512972602995
19332.5214847915,209.378187497109,215.14981815765,61.7769658710027,774.605659929665,0.210582343256717,802.08693019772
34962.6573014171,217.310286793509,200.109959582029,61.9603825023115,752.825331817059,0.135589266292065,722.471615936598
27160.0894593407,160.710221949666,223.987958857773,59.6121451658791,789.300896668796,0.351203897008254,757.41264982837
26991.6930801736,204.665502655232,198.563270423972,62.8099571722808,790.472337614682,0.132414109021135,735.276940878472
22904.2916660419,156.907393234276,216.919148342938,59.3978824314744,731.480653183999,0.327599111930977,732.156895958778
20763.0966845703,217.164953405517,223.160063465271,61.2726003116211,711.239335405576,0.187856515488562,822.320908725388
29315.714485241,181.207766457594,206.824576417232,62.422419471894,735.582754750611,0.390246148213823,747.791092185829
24068.8239319187,187.119433700659,233.014154691564,60.7503889436263,707.238969410711,0.367335907077821,811.590742220141
23077.1539807545,203.432894719293,228.340826568327,60.1532515155999,778.403918445257,0.216823023448158,797.077486513781
20625.3975098135,167.373142174836,202.695173660242,59.0857505267541,716.069975315513,0.356621345215637,678.251852979392
26859.3460750961,177.719461705098,244.087231381702,58.9988509455204,785.908990614153,0.414939639064119,810.740705400185
27889.7059740688,155.043211003691,221.732743526447,58.8239572507639,742.039585273072,0.255060733908927,739.516189184244
25233.6882274508,192.898851573467,196.629675784344,60.2865674528212,729.496896148433,0.275048792150411,677.103269851018
18183.3249844031,205.71473734053,212.463443758423,60.7240454056951,750.579054776655,0.180100161899852,775.965740628069
26060.1339531087,209.239838306444,243.819002751285,62.1901571087273,761.953188377625,0.179374992916653,891.73010924021
22572.6488637593,187.152010487126,239.969752594176,59.1154605554092,770.394347198306,0.336585196621652,803.387478953899
20168.0477787529,203.548179313511,202.910520375428,61.7067157083658,734.960570283051,0.18820965254829,741.67915592195
27659.7190910962,160.052032201663,237.340268671878,61.4481485898644,798.397039977448,0.466932372372435,837.468812191563
29174.8291461288,201.984189488628,225.617061093497,61.1458587905308,742.541740814241,0.25944097100889,793.615000577737
26583.9214102365,150.367087161313,196.286925612271,59.7278850394852,783.513502553493,0.262792323706434,667.287009526777
28356.0530374876,163.468491267093,232.161089420809,59.6022702105556,703.889450778205,0.279508627226702,789.131401872722
28202.1565061778,193.962569655707,215.219154289337,61.7307496503045,777.948898354729,0.295943308669061,766.193701259833
19920.2746599377,172.582203869032,214.340542425403,59.4043876599302,755.589030021417,0.355909810676148,721.360006050455
21619.6003876048,178.306820033119,213.932307490554,59.6793960071664,764.963361020399,0.363419310862695,724.759887805111
18124.2238718928,207.514240483054,224.640315042878,62.8307356631185,737.973391370859,0.220063655377865,868.03492480317
34746.2600622465,189.511452224619,230.163897464794,62.9902626407057,754.972638597808,0.4593416475093,843.23156358364
21510.6450858675,177.750854421033,226.983999316605,58.0037099232998,792.979478468735,0.38007680043018,738.644554175694
31636.1672682877,182.254439370125,207.3952298858,61.3988361720148,739.092708698736,0.394100112199761,731.171006381769
30919.9525779577,208.985439585901,229.703330141649,60.6654622332345,711.739222569927,0.263489176371864,800.855953776325
29790.3206108517,183.392894556691,202.091540007142,60.3424363790034,772.490742563839,0.380796555714228,693.98641781451
25386.2742908968,211.21601539886,243.457808609381,59.4132323389555,750.964641160264,0.128320584908593,830.029743494812
27784.3744234058,167.160783191237,218.017569790123,60.5448596855006,742.807645417021,0.32076596954107,750.49183447186
21031.0123053852,187.002587976636,199.433796432216,60.3243889566217,777.888123672417,0.2049324871608,689.689162341727
19676.6946208437,175.777134435929,223.668066398193,60.0908323337466,757.14137383187,0.357789457196287,766.542686665328
23957.7599246855,190.878042961708,223.706298751814,62.2390495128769,764.287415020212,0.251805576934782,810.543747116478
31828.0981209596,189.825614698893,197.222378651733,59.3817619395127,792.453060610356,0.353087210615055,661.283491553601
27414.1684730706,189.551022537004,195.642312843661,60.9312392196434,706.289318999074,0.326110391007105,683.617034759493
30630.6727015726,186.631244964707,244.81081234679,62.3328753314751,728.215501533533,0.47941348985051,883.755484904147
32973.687067724,181.437984529111,214.159170279614,62.8964350024399,789.544163004736,0.474079986906681,781.275905929529
27309.6082885065,213.797283575609,207.471545767659,60.958667797787,779.516986781127,0.140227308525765,735.040541090199
24199.4349407237,169.23134808424,222.142011646382,60.6021050689689,721.187774056668,0.413831469703912,769.342996052595
32362.0098923853,180.129655874243,195.522455290322,62.1963883961626,718.358141112924,0.376075130753358,703.110192323678
21824.9248233434,164.776694533023,195.779141333794,58.9574586479245,782.648838707303,0.359400284133451,651.539638354713
18380.2077475926,173.37411772412,200.650408495412,61.1279046637797,755.874987109302,0.288993858065219,705.81911578963
18783.9020538035,167.405292204691,234.442904972372,58.356982913846,785.366834204784,0.417532894228597,769.606413714548
27746.6054992814,196.439718162321,207.637922129329,61.275200279255,791.562824803286,0.251636527719719,732.012664673756
33016.2912766069,199.321346746854,220.062336828878,61.9691057550359,707.604982368028,0.364602314857712,788.831659124646
27425.8693142647,169.75739790814,206.470888736331,58.3429103111972,797.118707373592,0.371341143529338,678.033083435762
24743.8856299484,219.005565056932,221.9083097093,62.2315259515067,772.143569712718,0.225381416451875,825.633437328645
27633.7138470785,170.113212624621,220.262080460416,58.6596181666606,783.463824119417,0.364758092151666,728.78919652318
29165.3377830169,207.795929587755,214.687153675908,58.908740687001,764.12359762888,0.226453292237256,716.336691093205
30514.0351475048,170.576918169267,216.24853546617,62.1893485290253,731.895019139361,0.417409537108213,777.635586949002
23891.5466396543,178.460033088039,227.323002016037,58.6691925001296,761.492982321461,0.399849515880859,751.927671916518
24470.6204205891,195.928356440879,236.450892716678,61.34920968223,752.208581289045,0.225317312099643,838.981928557733
18352.3733904302,188.451946816216,210.401507230499,59.4841354018801,792.921723102316,0.1281972633135,719.16560728908
28863.5466303721,185.070782805617,221.349544300585,59.2712546924424,756.342108782869,0.374105809215024,742.169292959903
30840.2512631454,205.235877846873,237.261488522969,61.2046807768107,702.510576675591,0.304306073034821,836.445942542427
26358.434842735,199.375521277207,203.798378775062,58.5918559120344,769.270676029989,0.239170027839871,674.6217794675
24378.6104586702,213.983929217327,243.855171322393,60.8459192014226,705.191630848357,0.171335080334716,866.010230514889
23611.3466731947,166.166535997263,231.823768625353,62.6231107452771,794.1275113322,0.534315513297269,840.491155935862
28824.7534572166,151.270864989619,213.161267172098,62.2643904764103,749.053553249447,0.343626634105728,770.02342283219
23588.295366072,219.995402975244,213.384518233174,62.2618449702032,796.862425817515,0.222444749341993,801.629540579978
28102.6425858152,170.055842636675,205.622598607089,59.5313049198967,702.230657602945,0.296454334168098,696.520653982004
33664.3055968738,153.078260534052,208.610140703802,61.4825472554789,753.899736050397,0.285802921298886,740.132566281969
23576.9653744104,167.24685333585,224.126458060343,61.8561245061734,724.688701775175,0.459587422303409,799.77765715191
19123.1744925398,196.391445476091,195.222566459666,62.510466260352,765.2409578967,0.195974024542197,726.762398983584
32656.5291016877,190.649561313803,196.307883312555,59.3452033038893,750.181114988905,0.332763286931547,659.143918562883
22595.5437756118,164.437047996349,244.268218669992,61.7434077908783,757.705874447541,0.531159839363212,867.626664098311
34860.9817091829,163.134096580424,207.043159596723,59.1837021121952,737.091000463509,0.226602367749827,696.465159730197
32058.6939947981,180.799945577985,235.761396855297,58.1555886270833,705.397512814058,0.290796573738641,773.707013636122
25028.8399909251,151.065266428071,225.301803925833,60.4342028004141,711.843433429699,0.314773446626008,780.380936482376
28603.6327197561,150.223476570144,216.819231940797,61.7775684746332,785.177689294144,0.360485580941706,773.643844850095
22691.5765657818,193.112682382747,231.000166652184,59.1088115636885,770.496626018873,0.235368506400777,775.399013871216
19393.1566283475,172.796930214601,197.647713707164,58.2601792665592,777.122173660647,0.336336581918243,647.780917303741
26710.3647545279,151.867110651303,232.051495526562,59.9506005280818,713.736304847691,0.295813151379255,794.756364524105
25000.8236187533,181.761444564241,237.499553896239,59.0419712262228,705.081255016595,0.2586656753446,779.704615962343
34519.8405536381,215.440924879121,209.120945597724,60.009448256614,701.492196902842,0.21871300949791,718.656315265118
28052.7415703439,167.90542028102,209.900590346621,62.5916254258623,752.512713692765,0.398888598194645,761.675999252778
30334.0041793666,167.665464369524,200.143347008388,61.6640698935214,750.530932126506,0.372457918375567,711.024083882957
20108.417391594,182.45305963288,237.449822450237,59.9449625049644,712.494243751059,0.296363946729054,814.101962451888
30095.0236419499,159.953348995055,234.702873352166,59.640360516413,735.831922674785,0.288589690653203,796.979284790864
18875.6239707998,194.129707525465,215.827150670379,62.5943988793682,753.650823669851,0.202709865813102,804.481178319301
28343.0303107954,208.29013364133,213.581389678361,62.4604380763977,768.264302464894,0.136507548097362,782.996087310013
32005.1833134741,163.373385940547,215.951511111134,60.9662928145268,781.05653521748,0.360182449067953,753.569222029609
25923.3853681138,195.470852057804,215.44335820895,59.8535199171672,765.305402068047,0.275939761151366,733.920419096635
21581.1543924446,211.953807834164,216.058867438254,61.9411588726985,702.922558544645,0.19339176882576,799.348559087026
25250.0049395462,213.072904723213,202.556441278488,61.2976382946864,759.772156153659,0.165707163566895,726.142107860949
32077.9158735592,188.213412700031,195.825659893921,60.7964550649354,709.904667084277,0.35288461730703,681.400942178209
29936.8624365592,160.299812877002,232.45254640324,61.641528090167,757.556336017984,0.398784187082891,826.241155749809
28157.9207797644,195.512447279954,212.098523416014,58.7134627575521,738.364181886486,0.322595278117666,703.04417268477
29620.2649241601,201.343831355431,219.116523758112,62.6690453749257,729.958901994378,0.243870871470234,802.206404441846
31940.2105659706,202.64776280917,210.109621959465,62.8734813849557,748.512930124911,0.240813881698131,772.46619609976
20427.133470355,215.302748245469,213.778615342642,59.8335690592083,738.784608244002,0.166417362620132,757.404614576132
32095.494688388,192.947904688035,198.768008505069,62.7455623968489,783.043960719565,0.326815076556258,724.405825519973
31438.8237994857,182.275765264425,213.249798702849,61.9700251306276,724.764140059118,0.41783832811362,762.850207005543
25845.4819844819,184.728088729062,217.645326042755,62.7225567060963,715.054718646742,0.393157625277259,794.494376092644
24682.7940790937,172.690612540995,235.889366523349,62.5746905773799,783.751073428869,0.506956464485249,855.518749499779
33843.5413813987,154.078547142691,210.523471305802,59.0238697044374,726.597556370654,0.268343535858073,705.286482870672
31710.5092118622,199.98707545378,199.348941806152,59.3314441030556,703.318157917379,0.304004582164434,670.816161274995
34872.3820065015,151.581326895654,232.339959543729,59.3370233190321,739.269132458924,0.316359451502819,783.016035570521
28773.2850225678,154.51155317832,213.458803110162,58.5156406648315,782.081542014672,0.264194265326563,706.163662034051
18514.0722068423,173.473412971698,240.632237368914,60.0700786383334,743.872371928769,0.17518386288811,820.787665830727
20470.909758182,215.12391717626,242.936679925745,59.8921184255957,747.327210159532,0.197777309987136,860.766759947466
31729.7750453453,183.245638424227,238.114103166226,59.7668193840379,704.753770668739,0.356163662024775,809.772451467076
28716.3155191235,165.015847334035,206.72452875436,59.8028624468895,771.38504223293,0.330612470979936,702.347426238334
21253.028323383,212.734574193941,207.968435256584,58.3367368474405,735.541034571673,0.135527209877403,701.183519177182
18168.4669459235,189.634357071712,234.108253128937,58.9438968479692,773.41634332861,0.136305810327028,792.147521577337
22439.4304308853,175.886614035263,216.86376111663,59.4931491058695,741.63570821974,0.385167782686285,731.599262421893
20157.5546944391,199.953096034633,209.693396909288,62.4646849711856,753.247215163741,0.204286080331373,779.255634081637
32688.8697818248,180.398352253753,209.619264567073,62.6411821493818,760.459925482407,0.443306892054338,760.989179398082
32830.0534009566,200.794021342642,223.774568367419,59.4522258310671,722.133771620919,0.354043773632328,754.813398055662
32105.5917102232,165.404269438314,239.27937339936,61.4542365938426,730.950375109544,0.389848236448806,846.894729133356
19551.4619545439,160.127007621711,225.678048766724,62.2519077024333,759.68439835785,0.504976867895534,811.909907725569
20093.5300029095,181.863190601021,225.815858211501,60.5381744193884,782.372216308185,0.265865679845992,783.896236392201
20131.5106812353,172.407457898164,231.682468538134,61.71212332809,796.491944220144,0.427014806748027,822.983045972581
22361.8715656699,192.227394623333,232.373375952723,62.8858451719612,752.923356337506,0.176589244279679,859.903311035341
19200.7278905119,204.851592544556,240.302781655942,58.8335609800149,708.086748245866,0.166621758845533,823.095213726976
34742.0877800768,212.996762540867,203.427330411247,58.3883104869538,795.865891717787,0.24181707922499,669.183373133188
32355.4775511278,203.191532558037,244.121078955607,61.170308552103,742.298578692736,0.351637502800537,857.958553383719
19143.209497613,174.25763916586,211.030484820925,60.5511646953527,711.365046460595,0.330365345657289,732.247720233131
20278.1655335102,200.639008204148,209.138168863967,59.5056984838526,797.424114520511,0.160111816391445,718.377110046625
22411.2938375186,186.83914272548,220.357974496357,62.5704886224913,729.630999209993,0.258387468591571,804.710968617315
30793.818679565,213.263174731105,208.513132814571,62.2107609325777,766.596771477223,0.120362709316073,759.732802290661
29928.0520118463,199.230386866803,206.948033458839,59.3517023386881,715.896879107937,0.320494261431409,696.545334739173
28631.9429644454,160.154658184058,243.303998970784,61.8225963406063,772.360391416511,0.456479483557318,867.56097524568
33355.4504274044,155.713759237961,200.247856558962,62.1448481460468,797.81296674861,0.356596424825142,720.818507589855
18564.1647237051,187.526642780852,244.440996197544,59.6440692341488,798.576717176248,0.137070084076814,837.345404815854
20603.5781837737,175.51530465272,225.90035102081,58.5554467202277,714.449655408554,0.370938231603878,746.956054851173
21103.1683976756,161.795881286355,242.88933289675,62.2491252327806,777.009346377606,0.551849913476969,872.946800437481
18919.078848112,205.443776313134,239.579492728314,58.5411351855453,767.316722152766,0.188428086697476,817.122509290146
28401.2083687429,176.230202815906,227.070776905824,60.4096637712337,780.146159321666,0.445600025053229,780.916664220128
21466.9797029729,156.324454396969,224.279248368689,58.9878578400815,734.336172807692,0.355351097305086,748.533964990139
25921.1137352609,168.629670326377,244.588469644039,62.6501720990875,740.546610007853,0.527005366727453,889.543805103283
29441.265680566,196.901775326054,220.687251741488,58.5925399489271,735.306508132145,0.350041783571284,729.312518511769
28021.8755432832,194.730342033903,204.225783635683,58.6273072632367,776.924811541139,0.319455031589287,674.461352058163
22889.0341385958,168.66853710888,244.602846563376,61.4870020911002,780.931287714005,0.526896184331088,862.883380196061
24817.1660689035,174.195471910971,210.616305705744,59.0487625220373,727.018413640919,0.350525590080366,704.037077822917
23777.6695710569,153.700244523312,199.2762648162,58.7068184665974,758.412709260822,0.273928852529815,662.526032870544
32298.4827161728,216.702944867559,230.322421968112,58.8633934390484,714.367348152628,0.227959920374943,770.101986886188
24906.2310480745,173.007640608829,216.849345350354,60.9178864134653,701.208558095805,0.401658678333199,757.717931252575
18970.7066206555,214.952120105156,214.086684036886,59.1446823218505,762.370279200754,0.165388446676514,752.498012329606
28449.8079489794,206.9311628979,226.255752568735,59.9799920279013,784.09984724447,0.188604680649502,775.726541139973
21231.3074290702,173.677759856116,197.819476498935,62.2350156736953,790.393192644315,0.373870270435956,712.622303743329
23734.1225612032,198.092355637679,229.297992631112,58.9063739089515,763.006640669711,0.233306391260382,768.24656542562
23491.0923119314,182.86578544361,220.028862291515,62.1323288667333,780.893608822492,0.352721523001612,791.064964657653
19196.6365372777,218.591351418298,219.050342077925,61.8285287516236,740.869020292559,0.193065051698574,832.075162503973
34186.7828187818,194.235380620987,239.832642096456,62.163117004114,787.239699902441,0.416246515064766,860.698165694207
27105.1780812314,186.042129124377,235.800618394224,59.790496891386,777.651976639885,0.426248039309206,799.242412578246
20502.5210969114,194.151838904179,221.25418309054,60.3960767743279,732.488731891396,0.119238342747696,772.190365136111
27220.0324896709,165.617598001041,223.793703693135,61.5008012135382,761.131906893848,0.434687900312801,791.333722590612
25441.2289576149,171.611730324101,234.672255462457,58.2088093500039,705.311313531437,0.325133155864965,770.933196414726
23852.2099866953,199.737340253323,215.054776938929,61.3034506081301,716.117093787551,0.161468926807649,765.43178634165
25775.883967201,156.102690444993,228.083510038542,58.6451210299633,794.433919022784,0.31589729419076,755.763266581314
29137.0127718433,171.333072095745,221.629677779933,59.465031197349,700.865101227744,0.303245046860146,749.942054791223
21270.2289017987,193.23303975055,219.657040783074,62.035931088438,722.55100373386,0.136166473672207,798.647044443973
26926.427048348,219.72162044625,244.162371048709,61.1510401968755,715.492751717246,0.170476713786332,873.39375287212
31581.1782822906,214.458339466988,196.076479381621,61.0791362352557,770.187978160765,0.124068459050862,692.337411307563
21693.2303078605,207.950374992147,215.281161009685,59.1616893946719,711.67754750332,0.133991409952899,734.896198343762
26485.5906419357,184.397532570058,241.524786900726,61.3176887633058,701.784328007068,0.443192532615557,852.063215628846
34456.0354385937,206.261252388592,241.332393510292,58.6983371229448,792.884156892174,0.351681328119415,798.268599731522
31325.6965862793,188.553611777881,231.736396463457,62.8263535527639,786.778548146882,0.44127841941543,845.410582433366
27999.0973139199,181.701347525004,224.521542525879,59.2908351252679,736.910515960753,0.379330311427131,752.234986896334
30366.1964632754,165.829741716813,228.814121826292,62.1371977145097,711.032151062393,0.405426473354538,824.741405686187
26697.0330590367,216.454585751245,207.911895786667,62.5826413966918,768.587160921814,0.199372560710291,773.512884764775
34788.6777132312,191.44852180607,218.863288639227,58.8836941868701,788.022458229923,0.374281378695617,726.55614364236
20712.4523662159,196.835638917059,221.489140543467,58.0541647904137,797.656416390869,0.126547772552758,730.109926939091
30027.9629592045,159.524683960571,198.334220415989,62.4024667737498,714.715026976309,0.347101731554859,719.506466009524
18073.4767060063,179.884873713019,237.858535013493,61.7683070838658,761.532993561232,0.175621324638207,851.065061186733
19974.8352138817,217.469292144832,217.382561839236,58.7925760754159,743.601391788658,0.158633340429048,754.402095755413
30041.8161803008,202.936654340979,239.68096406001,62.1611036526081,717.365459359355,0.279674087309838,866.028995108368
30530.6676676696,211.675404530201,214.12917126391,62.0466683008558,780.743086673765,0.120849682347727,776.383378267987
18625.4674586571,177.425962985379,214.935645815863,60.3439541700053,778.515270918106,0.259102386264164,742.855901670793
23630.7832727191,154.806904632658,207.448176780835,62.748578284895,796.604709714415,0.469200843523458,755.025326769695
19826.3695769903,174.939090632693,226.815880967432,60.8707781108764,709.476350368191,0.365802380597676,792.576438375016
32961.2708036328,176.318963482481,222.174905221283,60.2845416696696,726.013528371948,0.351737978943993,764.689428802734
25484.3949708739,171.268927814797,240.485119817776,58.0801622049042,782.892460548149,0.394752407509034,784.53471720713
25219.5559481377,186.478514794336,216.025623607945,62.7689642129862,740.044470285711,0.349055816854395,789.729951713214
31781.3111053009,163.309439741202,227.029322876681,58.685938856917,747.968598960547,0.252975688847498,754.573781681607
29659.6688675485,215.699071797352,229.762844157315,59.4977214255014,762.429983195624,0.14630149238431,780.475811440303
33548.2426464433,213.539249044231,210.432295134824,61.6035541229499,741.227031715918,0.178567553895276,751.598617870776
33947.4192452938,168.488174565855,238.581453046399,58.0307911318085,703.984629082463,0.236966142277796,782.668930848526
23240.1160910397,195.065469210451,213.710129089619,60.693417028151,761.77721935193,0.18855527201027,747.097693644956
28855.3295107653,184.497760464758,226.402860418786,58.8218799029715,725.145048081303,0.36341073028996,752.58903871032
27034.1323582497,167.523105673769,225.491953981971,58.1250926289873,796.99460077946,0.346527312187179,738.177464977614
28034.9773327708,212.819433441564,215.633165417486,61.1788189601929,769.727791716497,0.118959420886439,767.038452426215
28539.6232805595,166.224677518642,204.448383792409,60.962254017463,784.127344055921,0.386178475034155,713.589508106266
18931.6122164957,193.51162508185,224.546543756679,61.6250050336979,795.606429180793,0.205384692401704,813.949921219661
33087.5251776286,173.764574839712,213.426538563774,61.0583749456706,706.833481397239,0.334549442557375,748.4196642042
20197.5629639644,207.554878873694,213.661423166483,60.2809788009637,716.516156994043,0.169576051441872,757.136829338755
24974.9367096303,193.323948916306,219.23114041763,60.4102085446481,780.784844238075,0.257831108596111,758.077150741727
22907.1535163143,207.968953691768,228.428267811178,59.1311453256119,788.184606258285,0.146945224489632,775.671277973291
27188.0868443489,174.740092454475,230.926646603397,58.4540990019861,700.41455770463,0.31991347131034,762.84397368459
34393.4929769483,150.904258413187,215.947756197939,62.3170631473526,794.27189871184,0.341522692061361,780.365742414755
24803.9688932889,165.748508496366,201.032454323359,61.4204735446887,745.931353678823,0.42862910163806,710.020020773211
28136.3854389056,206.964506519583,233.959253887715,58.6566724832096,746.875834492608,0.245606914758516,776.686138280381
20238.5389472585,172.167335703984,227.984996610358,59.3487089983121,787.407778483561,0.426005710904207,765.447215243426
25631.819033155,172.459892354839,234.371364249437,62.3262277941573,730.362704875144,0.445872426460931,847.602884445162
33415.577778982,180.973551810161,210.280670163788,62.8056490077679,759.403267720948,0.449080060647709,767.067949822932
33821.6144283175,169.637357373488,240.292110488843,61.9257895593506,734.506156407554,0.428163500990754,859.727475211767
27100.9359723317,206.354881845018,208.494444977079,60.8264410561687,712.666522944446,0.17740565585094,732.036756415201
30693.790517726,172.733801555348,209.3573181996,62.3789349058648,736.990497785538,0.427050520628007,756.494193592458
18025.854348672,192.076185296394,221.519616071268,61.111824172536,718.881902946986,0.180114174833871,795.232816220322
26798.0917237564,181.121959199036,244.837531656125,61.4716477072103,752.422268820428,0.477875006481569,864.790958227676
30225.33313505,170.210343285772,205.44206193509,62.1382213287507,753.598308291152,0.40969194347593,737.876754874283
23557.4901528588,168.951561347065,236.304413055963,59.8310941567613,744.465936679562,0.431455140049909,803.04220294906
33199.833929902,184.59221412957,195.126140632991,61.8798723789205,718.900997738911,0.367401393519548,696.824164256895
30899.2030115954,164.744725437224,207.15438450525,59.0612295387168,713.208623674157,0.212321033391537,694.578141980341
30707.9102695955,174.541271805989,212.290077934084,58.9851123886982,711.515606013971,0.28343051240895,709.723042470195
18309.3029251224,152.884892743418,227.120930248106,62.0547267621264,712.516105391021,0.477059245081133,815.641228137104
21015.6502035868,204.958881333333,200.682540698784,60.7947377409212,731.055148298801,0.159957893760984,714.176691759732
29914.3443481665,153.213503032852,201.627407589012,60.1633306063777,700.134483801258,0.286697239748582,695.238259241361
27364.2880039688,210.838885709341,202.589963328832,60.6201056300277,706.52766731134,0.144070691217492,709.107304303002
27670.6515692934,153.427965061476,227.673980665838,62.8924332368203,747.366981341083,0.414164843461363,834.595525869589
18197.4395169446,208.951953922219,200.746891191493,62.4791386663196,720.271365954172,0.184274540404301,769.892809861633
25196.6376624303,194.530062382258,214.615433408462,60.5473324962701,728.45779474866,0.274865418417445,744.680409682051
31020.3372041227,185.036135839285,203.162518075327,60.7218354587031,736.48168643528,0.373208342232599,705.06233015624
29061.9331749355,159.820237617648,213.867735887318,61.0336137063136,704.4291859632,0.296418207755337,751.742982394427
27550.0493821632,168.056008258511,230.137812567329,61.9238947003699,724.137538092554,0.444214037437648,822.895819287358
29695.8115742645,197.833287706862,208.976029991061,62.3990916833298,777.718071093373,0.251563955105889,757.88484807426
32243.6275053154,185.580328232935,225.598073903939,58.7619733097237,735.230484763377,0.342614955799441,748.745682203148
32211.6753643687,185.708050441122,207.704912262272,61.1184513710408,721.022569802593,0.380880775381266,727.732330955253
25515.9801533908,159.163481659489,231.263616812426,59.1635606115885,722.196971081704,0.292574406695136,777.121914070954
23134.4162890326,182.964056732108,233.258657701347,61.0758422909174,798.514780628684,0.361449189507637,816.704174572371
24166.7485541652,190.732307380153,210.150765669054,58.8805169748615,716.473370080178,0.308392775047742,700.814383915801
26639.7555894274,158.426917256803,196.413511106721,62.0281763299283,790.262888511317,0.392430960317824,702.042082134073
19471.8167830014,218.357667472891,201.722599206608,61.2776068160811,708.687498895473,0.163705174147165,752.360278575913
27961.8387919506,207.849387321485,219.129302191385,62.3445764565545,787.00722601779,0.142129601088104,801.722643628311
25470.1202454751,172.28054517187,213.843382170638,62.7326214864179,751.25646166342,0.463755677625046,778.628761991672
30523.4379600428,188.730884810265,212.202369692285,62.687069645316,762.328146356088,0.402516599841258,771.474808172895
22600.6952099135,188.600534864355,223.872951534675,58.7478929046638,726.795237143467,0.306426470434188,744.106927441602
19099.6773187593,157.556186045582,203.41930038581,59.9755288914571,789.674640570051,0.426462117918691,692.783667281166
33054.0164183376,180.243157294592,217.350798269093,60.4433348309664,759.817648926432,0.38636903450051,748.654611787683
19118.6648731829,164.5307269476,205.527993518656,61.9032343835794,768.220027561493,0.439626810219384,733.191226122188
33677.7817995249,173.382337031086,243.969529345868,58.0882711894651,756.605116605983,0.295020947208622,798.668308835489
26151.8705687965,215.998900680092,197.530588373421,62.6311752164169,714.104088033979,0.166036309332462,734.894807617404
18867.853059721,188.026572426064,195.997842683606,60.1324183603252,783.618892976162,0.207934162885747,678.293870514921
19988.7381766905,154.891047846426,223.021053639836,61.1310510958568,720.567886926025,0.447690047897199,784.89684349629
26820.00681065,196.641283374156,198.220443034951,62.9065271801625,730.643508991371,0.198067759500572,730.939754162679
18214.7185435938,219.832204532039,234.973920372828,62.4393190808819,767.830333112485,0.217443501286298,918.02908796134
33410.4925456344,161.74333044541,235.437885411989,59.8837746909818,710.383493653207,0.271688723774487,805.454871120771
31252.6646068953,197.386164169098,216.215233768859,60.4478797273586,793.032708671272,0.237478098718702,739.629225303683
26249.2320697866,207.364888351388,236.285260196125,61.791054119128,714.013630710578,0.137194278671247,852.365289356761
33647.7639058101,208.721735007892,231.382781997077,61.6600881021269,767.675600260255,0.225771190341967,825.18324318314
22382.2390606241,199.308587717231,202.035116489292,61.488948573852,764.474872088598,0.132633214687554,724.396064640125
32309.8127122005,213.707206994049,237.568038219116,58.0595792977816,770.08761394511,0.262300368017068,776.925359726147
31401.3810952641,152.251667997289,238.222934057066,59.0192133543529,743.991642422235,0.329617014243389,796.199055217181
27728.6383485846,154.520659242076,210.556699524406,59.1396383308087,738.979531782856,0.26269927823471,707.843277322849
23330.4231337332,159.22534328742,232.967272028589,59.2832878061683,797.947114305649,0.411335962613543,781.341448312847
27262.2454424487,153.164572786148,239.568823600582,58.5346012014537,781.892024333574,0.29281353396249,793.419070114976
34320.3322079544,158.210392369423,231.632737333591,62.0262043724904,748.959072585776,0.336289146402086,831.410849544207
19396.6603113418,207.007257967634,199.638953089399,59.7451914585609,720.228129441504,0.160659549541377,702.730052385981
21290.3838725081,212.627917076993,199.694886972764,61.831415343757,788.751181504587,0.200403319976338,740.963538530941
28810.2236787247,173.821399214263,244.055836344531,62.6789931944848,765.799781857154,0.53645814380086,886.947726386687
29275.3193164048,216.981273449294,221.65484051961,59.5844921702622,714.903971180347,0.14496004304889,755.561715145532
20647.1939244261,178.737153501922,226.825367826816,60.3156155284324,720.417377970509,0.355975530988044,782.252480428791
31437.7750803664,162.211226518164,240.46330031753,58.4692393716304,754.618843654459,0.26968524302333,794.756264548336
33720.8040509896,197.257812108285,195.474083194548,59.4850239948675,750.807981209559,0.322177446226895,658.760417652822
19318.6818924982,178.960766263027,215.912068590498,60.7145831018211,741.418660637371,0.272054509695281,753.53249982333
34591.5563526534,151.5482937281,223.199418621581,58.9274943945641,743.248257214619,0.281212855775285,747.932293094604
22737.5403939808,217.616854496921,195.101310368506,60.6761514539294,718.704734110831,0.161792264726254,696.835587663992
23176.5955760283,191.391335542485,225.995629677149,59.5823283962339,727.756341497067,0.280865066235096,766.984789511313
18675.5168716747,192.812138695019,237.076865090885,62.9515758504823,749.82400300197,0.233661198719108,891.06347008891
26148.9213764658,218.851472261935,197.876249494232,59.9713708802776,706.993702468837,0.113529570076772,686.235214540992
34238.5279630807,208.002388220141,234.530613581781,58.219379187745,736.308926523703,0.340368952840752,768.197010159113
20587.8977825839,175.453947790232,243.747817322275,60.3975546905957,723.023511605873,0.419360195010487,839.202649376181
27621.1061477433,152.996819081079,240.961040880411,59.6991379250399,719.133688017418,0.302211193819026,820.702563597185
22613.6785210875,165.794933189117,221.541143405684,59.9271382440816,716.150334512575,0.399557519347957,757.058021142053
18300.3100826761,175.021169786825,237.57949466588,59.9349067026176,715.541774231062,0.314244525266325,813.931960312812
34833.463234376,217.089308760168,232.767444638394,62.4317264426483,717.691770552345,0.172661093859976,850.357314922837
29999.0732787487,212.036102785815,235.263718645342,60.5129473428033,738.120015058588,0.198174275385237,808.455812184284
30257.1825090632,151.730763776103,214.585657712533,59.2943851653489,711.186650989385,0.300451267846019,724.134215488098
29027.5194664878,219.248487618318,218.174116954675,61.9460032208311,789.379395801644,0.19145566798441,795.476497635676
20293.0381308579,168.104275016808,207.209777976143,60.2875272100715,750.137973040342,0.394922564511043,711.489582027293
21404.4949592861,204.090266453826,197.74139339827,58.7516410266983,750.910868937631,0.119306690853741,665.588452017044
24462.4514665146,157.942700480358,224.66177056939,62.9934600252181,723.236267749776,0.456909690035967,825.680747601042
34943.2881196945,165.648948054205,210.146879260391,58.1535011810659,786.057889489509,0.231591466647677,688.939207229001
29192.4062064145,184.978018901073,219.866604477881,61.5110142547996,782.963203377086,0.428739648947956,775.559341974438
25202.4932948959,198.793659537148,243.085455031907,62.2226165288139,703.585111047745,0.222964834666733,882.458446096392
25944.670558671,174.519967150165,198.28571049998,59.8280351758385,773.960048629813,0.372316072645488,672.948233673151
33542.61121083,211.004935727584,238.171050953464,58.8174779489848,720.834061892895,0.321071237207395,792.06222970317
21207.3122286583,215.843305967914,199.264632573334,60.2674302426323,756.429669712373,0.17019255637902,710.760918575505
23367.0615503359,158.520189518633,227.337012435504,60.4398999002948,786.49608615228,0.429811725355539,782.998542641364
24300.9417906985,200.084312054894,212.072969373482,62.9965884968844,793.121562443968,0.164745049498832,789.72039770965
33109.7543809958,159.009958553242,199.985015700384,58.1114009160305,720.909185193562,0.228752778883225,656.48150497523
30845.6079951213,174.117412077498,232.119207018686,61.2329819779217,793.66885060419,0.476383570644493,813.391713482258
27953.3668324231,207.147694223295,229.351994806581,62.0159092717716,707.772414610754,0.180564236803914,829.797760041264
23259.9022770494,173.930138726437,226.568286403235,61.0550000600644,790.605103400082,0.536170316961708,793.48001850807
21315.2275965863,213.502266989501,243.20531600372,61.1255148975254,777.327934572797,0.228485765857617,885.028319422699
23600.7628180043,178.356268001643,196.385445991473,62.4078162751644,791.100211603477,0.370818382734698,709.244256027327
33770.3738235687,171.782539302147,216.307866324722,60.8020450432462,737.526963548839,0.356003696001904,753.262807156981
33317.7075611654,219.346490380101,222.952455948965,62.4358964309835,793.817835669172,0.126931155486639,824.101775578775
24928.693854686,180.508565596891,212.803804666264,59.0746274606845,782.047680471127,0.381205102065653,709.326762504053
23440.7415790143,201.799648938464,228.02180637293,60.5883125703798,733.865074446575,0.118794802417504,796.341147541635
32849.6367742962,191.620604830643,239.701656388958,58.1879758543699,735.084027117092,0.366429215321741,785.093692417718
25306.9631746556,163.895166440327,229.221533149159,62.0092493247711,736.79361302973,0.464486089096378,821.340750037345
18592.1936565936,184.304675526691,223.292090266465,61.8370819627832,760.292592685134,0.142415929838685,806.456150691698
23872.4726733012,155.656087394312,231.286921664567,60.6869064716291,720.174585383648,0.386381128589607,805.418200230756
28215.287332898,199.512686230231,200.501666262543,60.0654726512075,744.070522369619,0.268454087910444,687.013097444886
34025.4505341186,185.981404619514,226.159320352603,59.9286323500477,707.41483556265,0.359658688362448,771.954572183065
24984.1852425813,158.435406247466,214.903126222624,59.0261588409202,736.877694331888,0.311106531909667,719.005246281035
22051.6002462235,203.668571802103,210.376456976005,60.2310580954002,767.506762519732,0.142674475068719,733.877906828545
24454.5096473047,206.191993636426,220.156287883218,59.5362692258803,760.446573275814,0.117938462819145,751.26776090243
18900.1107139459,201.221928021005,234.56295232372,60.855341513167,733.093927591912,0.203660001133287,842.540873936558
33163.524468142,173.197936766922,215.165299648401,61.8862313828123,727.988606332983,0.407951719212689,768.685268633509
18537.1758634272,200.269513005589,229.568120780943,61.4510100938054,733.84491280952,0.205808607275556,839.596420561539
18010.2863147481,189.929012628728,224.262335181928,60.5775505075721,707.66220454339,0.160559534173938,791.702443532416
28349.7267271305,187.582663336141,240.673799093768,62.7563616988477,728.031854921034,0.444588911542954,880.083812694624
20476.9589243615,194.776404290663,216.719296282877,59.0045321486517,770.869787262511,0.123748045210858,730.588400421466
22987.4763253074,193.754575212941,235.466041723345,61.1685925704071,719.711754754677,0.267186352902747,838.168850975121
26037.8750804464,205.626692637865,236.428665483392,58.4732384470739,715.322639452732,0.225867047750389,783.222714779813
31157.6905767085,219.143377529123,217.690597356871,61.3446870808571,784.423327325887,0.150745571348851,778.177604998152
24483.1743314952,200.480666611274,218.894011902755,61.5820950465731,725.827483416458,0.160150180961767,784.026409627805
34311.3607755636,180.57407557135,211.455432689588,61.8699390785389,727.265224186847,0.400866578893649,754.450745998858
25459.3953556763,181.932102728337,219.351421022421,61.3006390509019,746.923519388219,0.410337479589781,771.782475317133
33482.5823523852,152.142687429307,207.755630399787,58.6544946447431,747.479821553923,0.264574664075443,688.359024121294
25450.2896892074,161.094485901422,237.546855752182,58.2427472892457,721.069110673314,0.29786512003184,782.244141896349
26505.6039563577,165.917335464359,207.791991742248,61.5337113979142,756.551923667161,0.406620246563222,735.139920530324
34352.240958497,219.45039156096,208.209927695903,61.9826119058664,769.959592894295,0.133153109510668,753.116703137656
29216.1380785657,203.255951239784,239.370099613912,58.1815423553694,748.877645266604,0.328354817497415,783.883949286955
20372.6056023155,159.571724891647,221.359085482595,58.772610455343,789.169618325365,0.408403915332247,733.919465744204
28081.1425450614,184.101024840265,200.319099305335,61.9125559395485,799.33043230868,0.389336410000988,714.117641044514
21745.8418303771,164.99657178788,212.236432220928,62.854674906943,753.323988088385,0.500677846208974,773.114980195402
23202.2173490167,170.900707246832,229.68233096532,60.6046876466947,797.463317961567,0.474341943454513,793.028337313312
31995.8063121482,192.196729404038,214.805329682947,58.7914412268229,765.608104342896,0.359921385873994,711.945290108787
29350.7871864592,191.590787816116,215.65498603432,59.6214652703862,753.446939126257,0.36932112077697,729.693480499617
22838.1684342792,210.780111278558,219.53063107768,61.8633752025838,786.391764246281,0.218638147969745,805.331241419258
18047.9449278577,161.391474252259,206.396572460925,60.6997183665561,796.770981624694,0.435034121149586,714.654689805642
26787.2295977563,183.981019071428,215.750266917841,58.3081091824668,799.864823790005,0.437192531837778,708.232604705746
22247.6788502871,191.55089826777,206.005696181286,59.5619376542955,776.316959241006,0.208842221061028,699.582049160861
18426.3717624437,215.018802055446,212.547396675763,61.699623458731,748.937523444741,0.188663389791662,804.587093644451
19020.5569642455,185.934457811195,221.407560821835,59.6455136863289,731.267277651629,0.168283567837083,757.608909391245
29201.9078632641,174.076893164416,229.013249970995,60.2547992635127,756.77690440467,0.4105623585486,785.898626818915
24828.0966442623,170.492276247041,226.339300869301,62.5282210138008,777.837754213601,0.504429024587832,818.84042679275
22428.2033129813,165.210373278957,223.533084654356,62.9347221374014,702.305767228523,0.475732432336738,820.402632942857
32765.5628906457,217.26653717988,224.620802604105,61.7231498504609,728.873499587474,0.149833248945711,807.260583505268
31796.7169721825,191.868694968375,220.450014270447,59.2230236545264,736.60687766761,0.357222118916142,738.919646119885
25660.415875952,171.452675601906,225.436387881186,59.2510383396755,778.22910182148,0.404108897832583,754.969583247418
22650.9927597686,202.144923733285,213.410134119231,59.5441204808669,762.618353539438,0.117280478036876,728.889357600863
26299.3630292805,170.388875579172,239.739370164878,58.831909435967,742.959152097136,0.392535290655657,800.994685390125
30459.7478842979,184.847478538923,224.38485196983,58.9154777157271,791.683559666344,0.396691771852868,744.905955475155
18153.7262570285,151.985356971295,241.708399696243,59.3147330092783,754.457121445339,0.446538498031723,812.741742303173
28326.3013044475,208.815262548516,214.791362611463,61.2675638317752,773.082424324818,0.134528602501033,763.015744384645
29855.5858089755,216.901649843743,214.288447880542,61.0180522009579,766.33989772499,0.117979646521177,759.21570826234
31672.8227864118,210.149865488475,243.243610085808,59.7382740572741,785.112993980795,0.234926651675226,828.194207689988
21625.2673122328,162.152833686384,230.85570119829,59.0000284244168,781.383258286852,0.402870050263705,769.003082093893
21348.1812986631,207.45256425104,220.856565647455,61.0932781788541,799.202329968466,0.211860867208605,795.283009880047
21597.5257316336,174.675742140317,230.379726651567,58.6972400935812,738.609776631995,0.401347242742578,763.461455846792
33817.3328972964,215.526936584749,214.482429183898,58.7566935025657,718.038474145047,0.252105230177469,712.607889623321
20229.934541006,171.136274272009,232.274497459192,60.0135364369461,776.450673325478,0.43403575027402,791.954291149347
30635.6581638153,156.64041097302,205.795221295881,60.808561469678,787.131815583988,0.314008493534364,716.568573201632
34797.6070452012,209.271244300604,242.565284677512,61.5999748539583,705.572104486621,0.322499707636374,863.136448712344
34079.4873649828,157.963588907435,217.519145373029,61.4043500539252,734.296323369952,0.28822241825127,770.861500310919
24767.3895209748,187.413355637324,199.511707535488,59.9881592660584,780.597919001905,0.324383389991481,680.854547474173
32031.3557902258,176.266514733226,236.677547009866,61.2308509976952,769.085220281049,0.463619975629741,830.512292820793
29147.118088014,202.863812524927,239.206548700428,59.0827561734423,775.999383654442,0.295647410404921,799.739992779068
32573.3680449055,202.413782197913,230.96833632897,60.4950994929544,754.83611892554,0.316585658850609,797.222429119346
20598.0030997761,204.184685321497,226.140060762382,61.0453261871382,738.873886512267,0.191798910439348,811.210851371819
30647.8998885828,154.355519358372,241.373701194158,61.6661171575138,781.315455300658,0.385909701031701,857.890276229463
27839.6182879856,209.577474033188,225.874844030475,58.4386425791833,756.137434400627,0.216276282377962,746.918369962645
26983.4939354677,182.354461173564,233.939371646072,58.564076262113,752.129632138763,0.385034634510958,772.570169470501
30187.0861623004,165.508174240101,217.906801596816,58.4152530134562,774.23085484928,0.283027801114494,718.516677226999
22584.1494492169,171.097503421888,230.728479793716,60.7179233878302,721.383621160286,0.439206198784214,801.503759112151
19236.1440470439,213.040891188409,244.939213096325,60.8280524897692,759.73057040143,0.20568045538756,894.000554256946
26198.0198223975,150.474320324717,213.895493645268,58.0605539546707,731.775595673453,0.262922980638156,701.04931124945
23069.705857322,205.835584864883,230.443465635749,61.2403778640416,701.890074904892,0.14914606874733,823.854981331118
22325.4795462497,214.380186285671,202.813863071758,61.7577027608655,775.476770194482,0.201462558010558,747.709537351488
34998.6005528008,167.496190095906,226.358760293572,58.6204474040612,747.886976639467,0.241504648231215,749.354901133914
21242.3861898755,207.279719464541,210.586429221162,59.720462396751,790.146820596283,0.181992071831798,729.860120822821
21949.0419643186,161.141414252535,237.878984628074,62.2408492119806,750.389321574512,0.515767144545818,856.216375052417
23640.0627825669,151.228555863401,212.924536970915,61.4063547302643,700.953297164876,0.324400710558498,755.314596945348
26127.0272053853,192.167353923526,216.750196830083,59.5461227731841,741.32473764383,0.32870285178217,732.404220066393
32592.9261032821,194.682568619654,243.901769844787,61.6586617106175,718.450871121292,0.426141422463009,866.590942986944
20873.7590645639,160.10237872568,206.046259111168,62.4479394926209,791.788739534232,0.47845199324825,743.326404618604
28371.2113563544,185.611647288905,223.098795819435,59.5668350659896,745.185398103398,0.396436433945824,753.416241875987
24222.8348034161,176.779794815705,237.73455859784,61.3790921046636,751.617978384023,0.462701722585072,837.565909102188
31280.0484273088,155.551156587365,210.231964903591,58.5086070606463,737.482232626967,0.274782961465267,697.18317178935
28124.6565499352,185.239861716173,195.963118110212,58.3125376234451,752.631940200417,0.2894744968945,642.287975848871
31200.5748900234,190.407270609921,239.443043362722,60.8887765649743,708.907804255993,0.408302852273325,835.81593899589
32343.9929722867,165.363681610903,225.73402115413,60.4871838846359,746.498540091066,0.334310517916466,780.547903884568
33343.674628479,201.682944012487,206.859104084008,62.0408148199738,767.266690549849,0.280741023687012,746.050454756374
34949.8186109919,155.26700187274,208.971291695022,61.8584591838399,737.85598399428,0.281442400861117,748.603594240409
28435.3669886472,187.991881140519,234.280012845734,59.4578835186487,739.791287052913,0.391730102485372,789.694047860333
28706.2370017646,171.391316821018,226.706262228699,60.5678627989117,783.829825698825,0.432722888320447,782.580824455946
20213.6237665625,180.176960804124,231.047879345487,61.7168521975607,754.309543477553,0.298966694709913,825.330675822704
19671.5321714683,212.395107851606,223.738438422992,59.3848866338784,760.02324655345,0.179815641908316,783.21008958321
25970.2617678718,196.469463430985,233.915164731808,59.8805374551837,731.432114817291,0.295758908282236,798.307762533174
29607.7639129249,160.010641735369,235.513438200016,58.3158690471676,748.718703896281,0.264084341991931,776.375015341894
22220.8967970103,211.796298006528,213.988467669885,58.6921465986958,705.533764204784,0.101412501461465,732.095348419252
23488.8557069843,176.105001146553,239.886898790199,60.9975361530356,743.568684524273,0.461407029698602,839.27386434994
29725.9768481042,174.232007145185,220.118069896225,60.5026851808254,780.292748482563,0.426585518060669,758.832847882657
21537.8806399342,184.536476974022,203.338259126778,58.8656921826817,717.888729687029,0.294624028159137,678.24316227175
26630.6918618162,164.36388148363,206.197512634832,58.0473657265313,776.749265786699,0.285141800426806,673.575407821678
26938.7720072391,214.021255218139,231.12058280049,58.8719666866543,738.190775599607,0.136459052251557,775.461237569696
33434.6723342735,182.438921921474,213.572799195757,61.6841885702053,702.393463871385,0.383633446576487,760.275865241977
24673.9956358652,177.354192808821,208.470345635117,58.5123602392346,795.420095136885,0.367727298798418,685.98300983185
21489.1536757082,162.131596784887,224.999891726863,60.0954315371113,720.052780965199,0.404316273924619,770.791530698423
20830.7444576283,205.930021453143,233.474054231161,59.2173084546313,734.789231706334,0.275766175490162,808.092588190206
22936.3521074045,216.615092865553,200.480084138361,60.7419865152832,748.4435343664,0.181229334344099,717.690193701165
22707.5081394332,210.477117098489,217.045021817358,60.564202697574,794.873235730611,0.176323916631505,769.841413820024
30401.4319379401,161.191999129872,232.812000253537,62.92667016078,759.040946132428,0.463656942489441,852.841764249263
28012.2976996822,202.564495899001,240.090740762382,61.8168372369883,790.222918058792,0.19336725735176,862.195475403224
29361.2240841217,164.209467134609,195.866774276189,62.7125535022998,757.524777314741,0.402767238429177,713.725123092695
28614.8149558642,152.823945197739,227.378572469605,60.8575979478503,722.749029464959,0.31903494782893,796.219730219979
25904.6779893339,183.343644000023,224.68784430722,61.6384492523171,757.451782868331,0.41390199039604,796.949205454291
33706.0843741417,196.506775230745,220.787079872323,62.4821872164637,710.98992964372,0.359605015721598,800.563647509464
31687.3055864209,158.555641423807,203.36352233933,58.2307333075294,713.055258143264,0.236407351570336,669.602603045346
21495.7465975613,192.307354246772,231.468276545501,62.5675614103292,712.880846030103,0.162006915128992,851.720782750604
24968.728095945,208.662062707361,214.257918711698,59.0900041615949,701.192081196363,0.141464125793848,723.417049564264
22854.0398400851,164.639363822827,207.02382051095,61.4909584885125,716.894660776165,0.414619141537775,733.398958838014
30332.1481931171,179.535750976922,237.042963158222,61.8195285347399,736.424466002542,0.462879684082456,845.820236699898
23847.2405995662,184.150589862457,210.083462093751,58.6029207968182,707.981907623008,0.319906748800896,695.585412768
28734.1150316742,207.890614668792,205.324164571224,62.7709430938253,700.554124624464,0.134526597820924,756.577432912903
22920.3055735336,203.92799351915,210.224357305648,62.6438696779393,712.58992792526,0.160601767710975,780.04419809719
20791.1304952814,203.790906498338,204.315680871235,61.2296250672499,793.463817733606,0.188583125061854,736.823488346264
18109.1718110663,197.241868882833,233.318720539846,58.8069005270648,752.990710452653,0.176548156586014,794.436694931651
34935.108212046,193.165015027696,204.357475986349,60.8060533312486,744.206414686614,0.383497289761287,710.67794018762
21644.148914448,185.366874449713,230.256101426396,59.7718483619794,749.12447721928,0.305617012546957,784.27712836193
31920.8885588406,175.862635238912,203.499094007105,62.6738053038839,756.158439859077,0.44028165474444,739.663939346983
31770.8733613773,185.652337519796,206.61409014487,60.1257110456376,712.128124421141,0.358993892469948,708.098445180162
21967.6781718899,209.321968281993,212.001419628535,61.4400315942438,759.641237497156,0.195295592848469,769.434092984185
24869.1510311854,189.364826105552,242.517175928869,61.1573902206177,783.423033474055,0.314930548705923,852.309370364629
31979.9200180157,219.119016317769,240.520076050327,59.385508073981,756.986372505473,0.167730706184779,814.991555994261
29534.5745592606,159.687279896366,199.186967553511,60.6646803357096,787.990768976749,0.326579712799736,690.675001143429
24264.662103319,180.422764304441,211.638727132409,60.14014116653,715.254810905485,0.373451723609192,725.498991876575
34142.9652993704,163.762577591953,212.319512248084,59.965575098535,782.772427946175,0.302310294423403,724.90912331961
23815.1212639588,175.559365437806,205.869330764641,62.3315053669708,767.159984390488,0.522219565968926,743.065328582298
21546.0022826938,204.925911288322,216.407832329283,58.7262185325252,761.661201505902,0.132899960589369,728.485683416633
20349.1480125439,207.391419218762,231.766927001361,60.1458082429608,760.2499462123,0.20010711181335,817.459281281596
29740.1233062268,152.224574298712,199.925349295497,58.0435974443878,713.255706352704,0.271470251309425,655.509511933404
18445.1596116583,216.728898393562,228.117755006976,59.3400498844909,765.361331822091,0.17511718663538,811.947375905547
32153.8415889919,210.81127996742,208.336302767057,61.0725034357317,740.386562588355,0.20312698073452,733.075212337472
23109.047795951,213.215027885153,226.748171894224,58.4723573835953,706.788533269772,0.124893060197343,758.519214388627
24258.0967732796,176.358898091128,228.636529387498,59.3881802826445,722.697158640477,0.396906324157873,770.14907324151
31328.3001600143,183.942438154661,230.763484764403,62.4281330446345,744.945375093196,0.495640517598308,835.437914670417
31604.6900449877,161.919880207368,237.666266316823,61.4255246679805,799.390271455563,0.438952020688785,838.020773791039
24630.6342085474,177.53981914774,239.764259387449,58.3827073005335,743.799826121849,0.398229114165826,789.305357257332
27195.0770347339,158.762313852746,232.320538333898,62.9685165809016,716.734208470391,0.435385193636609,853.694418446624
29304.7333871283,210.004977543563,218.404494236769,62.7393636419197,789.853888344508,0.150252911553257,808.319781934286
29516.4111777005,190.220221062659,197.451955195315,58.7408208284006,703.922237883242,0.303682842971971,655.390848220209
26847.137898108,159.256838791337,241.729062589778,62.5966926149552,714.520969899665,0.443817819819134,881.067701193938
32128.4923739099,211.432661760224,224.829878229298,60.744143680605,747.738159666361,0.24359703882348,786.040046581545
32089.5914214891,155.903866839664,221.461290394867,62.6609676039134,710.288743950794,0.311908248660609,809.431049879843
32193.0179845648,214.69070112865,207.26665880499,62.8567773603124,758.281634740339,0.123071085851155,769.440461581858
22498.0956993958,157.383594355912,228.720701586116,61.4382637340717,717.486891477632,0.420295328595839,809.338941956896
22333.2819451135,200.044696549167,244.779506351965,59.4728672093466,765.907079821057,0.138991833946605,834.01389723155
20192.3380622774,194.609356079952,211.198913469986,62.6275363011671,713.191126459717,0.171353010648279,783.352001056516
31834.0373777073,204.463958707771,234.270474681487,60.8420790046938,781.166256782399,0.275118934796021,817.912699332602
18951.410038387,188.854021005699,209.414956694506,59.7513616289013,774.175519116385,0.115623725361752,719.277548145365
20122.6290308477,174.899043053704,218.795134438383,60.3381483311311,792.416138220233,0.380266341238391,752.551628596889
33634.0471453619,169.630453924873,205.960425137256,60.1235565275061,707.508265169217,0.264341343038017,708.020395697737
19960.3164762169,216.091166205981,220.556895796547,62.6923385121004,756.382931711016,0.215985740542049,850.207939619013
19886.2564467092,180.478809154372,217.452272737606,62.1066298828675,771.0229635141,0.246178977510389,781.905770592258
33305.0745592922,208.612733717566,197.244738920878,58.1780156704277,790.075055148551,0.223940364996233,647.412923834185
23214.6382864298,200.249003443524,213.818009640944,58.0562679430328,748.631337724438,0.177526969518103,702.011175130189
32787.8730627979,195.329043698824,198.232081719822,58.3757640712899,795.259402695195,0.296894476234219,650.141354051774
24390.5474265329,217.980725044401,217.144573895224,61.0033987024837,713.699486974238,0.175675055483828,777.328656466001
24343.0257668667,189.022513017414,243.89040445462,62.0901416359941,743.934494627322,0.327813115284101,879.598007315892
20107.4233853297,201.105481462595,209.531163436348,60.5803545875911,727.40839498129,0.163857412354984,741.641525416566
33444.8666306344,209.099935958806,220.740603971473,60.6616404993491,717.156393975773,0.280428909739857,768.53650324945
30579.9354101683,153.33358323996,201.771342161807,59.228755754788,730.065316681727,0.251583542935373,679.118148588439
21768.4644422879,219.76281624269,203.043263518556,60.3363090590695,767.382961250112,0.174641445833055,727.819716928665
30170.8643708793,168.585046166939,212.797978474314,59.3193026286623,748.758883779236,0.334324826717865,717.027960819282
19652.8496711809,198.707856952811,219.00814577114,59.4009472957183,720.145797557596,0.145008189453037,751.442309566898
26668.4078695484,216.749744484023,229.498854297411,60.0543486551558,703.28673026702,0.118338451936379,794.696224144603
22292.2082653743,203.294962117233,217.410648628529,58.2571008276764,792.145375236847,0.104655744673222,720.805997868477
32221.6919865859,166.030156094969,196.426248724107,62.7872242607448,732.844484037532,0.376438900385047,718.511235729034
26377.3965595714,175.430641206973,208.703503161901,62.5642838448913,714.570347804639,0.437932437102312,758.393675054946
33501.660622972,178.536893690854,196.473176472406,61.9738169529155,716.046395203239,0.361102147759031,703.361061956288
27792.4481929389,190.495192158172,240.782137923156,60.8222108528943,727.516008337145,0.423043913995475,838.668156552348
26235.8030847264,191.922985388738,196.757747593818,62.0783105213161,725.23255832654,0.279672465837081,708.161032899053
29633.5376508568,204.823160008184,197.617540334699,62.8778244038689,729.597214809836,0.179508316957953,729.272331065187
30977.9924093397,209.675056804809,209.747266933547,59.443932280414,724.63571965059,0.244359425556371,708.666919690558
18204.0748347708,156.651961396269,226.303648164034,59.9028168772335,743.730035081579,0.427881603803868,770.519306727356
26656.8588336546,169.557274073619,212.836142384334,61.602122542918,776.781672101902,0.441684101877631,752.808985307291
30802.596120901,174.356544619381,198.157539696262,61.1823062052224,702.424493508543,0.337763658437974,697.215504281428
24730.6099612035,151.035087455621,235.988554889043,62.1254653451002,721.274860685715,0.385733165756551,850.708167494778
18685.9123057559,178.70828255911,229.394441053408,59.7875630788866,771.482019071666,0.261744818109424,782.635985307031
18258.233360595,175.242360136206,214.418491289328,59.5741484403822,716.555038947324,0.276756370338667,727.927813960549
31181.9867445037,186.413740021461,228.411629335609,60.8808567217067,774.738999216941,0.422824464920871,794.513747541905
21259.7494693923,157.013478921449,208.869136393105,58.7533637166956,752.03298568797,0.335756662674932,694.090010410541
20839.5812844274,178.520776926469,221.065033109162,58.223286246756,787.722316776058,0.36795926943445,725.372857551216
22871.0928548584,191.354557684662,238.573139892867,59.2560693129988,700.937736537903,0.296922554025924,803.642569931805
19628.9835168659,206.084834107136,200.425112378002,58.819358921717,778.642488601005,0.161958068067926,683.54124081637
18837.1127944187,203.596074040899,236.809582915585,58.0422979264762,758.39968386291,0.172443590228466,794.14475701652
32643.8135297585,178.031787897248,233.77134858495,61.8399659372479,747.152735027951,0.454713673831911,832.721965539711
23083.1826110087,176.960827214552,242.496747291887,60.6970492419151,715.910789570477,0.445577380316968,842.067485935336
27753.5810874837,152.69705559192,220.612917882075,61.327200047535,725.555557368352,0.29844336065699,780.992259239171
32388.7463377721,155.992481761105,208.924380857574,58.8399044419713,778.847988726951,0.303659236874134,696.026754262748
34601.8195219101,210.87816432776,212.639699069413,59.3172738976735,716.646330326801,0.28235845912744,715.080490864434
29505.426820561,206.311600250493,226.526377112256,58.3198780858673,753.27240078568,0.282074266257359,745.091674806114
34178.5928360537,151.687197523509,202.304416006222,62.9861297298381,722.898842439513,0.296009965023337,746.332791606555
24954.329680243,211.646796557192,212.551751021532,58.5723571143614,749.436430023634,0.102204605651927,709.846379036968
31095.8717744028,192.855795707281,230.697222170448,58.4900095242101,727.651368728153,0.357593923158022,760.98377589218
33932.5878074296,205.866924982015,223.465729739727,61.0312456325926,736.182127173789,0.312584087569978,782.847477570758
18832.5229770246,184.69639242438,198.261125062683,59.6877472003383,780.201030083527,0.153764935745496,677.840114167307
23302.0063815665,160.203560526041,219.456993279074,62.4512804674777,704.244074021438,0.434907146726447,796.270058530501
30298.320574114,175.191789924576,221.015188619335,62.1671603016608,792.180744199294,0.424573086621161,796.610434256523
23264.5243789897,181.027348094016,229.442026240275,62.3678984176597,733.399709543595,0.375259213210601,830.734909207198
18252.8354383335,202.634607525034,195.592373382572,61.6294056733045,761.020424136028,0.188795746423222,722.921770171093
31457.5401195977,206.837893151684,215.980263637078,58.702398874587,724.332912290386,0.301385383422581,716.542486596948
20654.0303388393,201.826811416597,238.965454472386,58.3545224818368,737.024800996952,0.129915134273679,797.649040537758
23356.8339279492,183.027151461998,196.549592180599,58.3610012654123,746.560264059932,0.320566061705159,646.12865764272
33332.8726656468,195.827361813632,228.15574461559,62.0014133486827,769.672440689814,0.228227577863381,849.71214562884
21455.0285898269,170.842521905578,206.445966623992,61.2470959495072,786.866736376359,0.423943280526454,724.15815975106
33073.2276426354,219.274269917757,214.009294721533,62.9136675243201,785.876390335194,0.173815292107842,798.057242778636
24941.7564175296,161.839188332039,238.799263378135,61.1851173646924,734.862604858423,0.435988450340882,839.893938224686
33442.2894574445,200.305287370553,213.040325358592,59.2756834739935,709.969874633192,0.331082805874605,715.960259148
32698.8973684298,160.585838339572,221.938601696943,58.4823268887608,792.306707750111,0.262331358342696,733.060254867051
24856.5139722825,169.89179383682,199.400672933412,59.9092005373778,703.162205462491,0.324164092383104,681.272996041844
33527.3845245258,202.360790074835,210.747795746333,59.0207690159346,787.688397865052,0.324957220501969,702.227652254332
28645.715278023,200.725297650393,202.356212095466,61.1221496517172,702.12377597194,0.302254470403843,712.680714588766
25814.7267194376,158.654013198412,222.875881215919,58.5311533703736,797.856252435925,0.322149317998612,735.793613745324
26773.8971785962,197.204808250757,217.493077269665,61.8111347063084,701.007055016985,0.283328927624578,779.477327159227
19036.6520962427,164.123270494275,208.544358707382,61.4647788922194,701.426143202586,0.416493936105383,738.445126247677
31471.0168456327,218.199767776269,244.951198287346,61.6359846804312,751.434311042072,0.139634813121093,880.315456299038
22923.3933786761,191.952628541788,202.987761032736,62.8327498178611,767.589468531285,0.163027947559888,748.68386814589
22525.9791013046,150.298915351813,235.604435289669,61.2058707033634,736.390282572909,0.395225032275418,829.884674289278
29978.148365164,164.574069249566,197.030134245774,61.9002112951185,762.092808025829,0.374974313939026,703.262824148428
24294.6875281236,166.008153020967,236.791849950349,58.4584661302975,784.300018542168,0.414667418114295,779.139809107071
26470.5952304906,167.120614891281,218.245313169003,62.7306205004387,779.666870272734,0.499678254549374,797.45073065699
24924.2906742905,188.372028714842,235.707427750841,59.1177684680195,788.13427117282,0.366381898958098,787.370593789071
26256.124839882,164.389571891337,231.71246742171,60.4913416350199,717.585337003686,0.369775286409933,801.839568460338
21675.4832410901,178.432018543598,223.412737515777,62.7996050404742,724.484726916451,0.381956577875452,818.408054288179
32871.6617879052,162.377747245049,213.261344839003,58.9222017701669,760.056376502073,0.265195532972846,712.658651992885
28266.4058400324,196.212919514701,227.874358688003,58.2026162486256,772.92434045044,0.351618922891089,746.105646610404
21892.9796372293,189.209484313805,235.874873309029,59.5086326888783,712.036425484082,0.272819452472643,799.829190627578
19520.7235218155,193.691002096515,219.992147073392,58.8132922517689,719.260079441927,0.108384096126492,740.541134042594
26873.083360946,217.730253067894,215.316907864288,61.3209705299177,792.012488627666,0.186490260303958,775.07706934988
25704.6602240063,177.793304769218,202.482031712968,59.4210876580649,702.176619917108,0.346080984529249,683.058872198802
33829.0468183648,165.143267585707,239.416858348482,58.3411014600731,740.565562293704,0.242185698707955,790.100459208843
21846.6165177449,219.892237804609,208.566011175923,62.4763173947599,723.11309271131,0.195331020609542,792.821379786705
32803.4787920936,154.142025625413,201.386261352397,58.2702889579299,777.647523547616,0.244442112139472,662.042766233834
30672.3770446023,206.626140807191,198.385209775902,59.3921977765577,785.606223608501,0.226821922204544,669.19261106559
25829.3413901611,161.239060616109,231.841667694584,59.2257103695837,726.985650660424,0.316129712588678,780.098991088026
32647.7508012305,195.961224239794,228.361047367224,58.1332981203423,760.500944816876,0.360697031200501,745.896787496138
32471.9562580255,182.910026526162,201.084554530267,58.8448440037824,784.204589597038,0.326882248594434,666.598275775197
29950.1753748657,208.242583839612,221.193468880723,62.0944573610808,761.399035177019,0.167002425068242,801.697832349802
19616.3082822507,200.893948592206,202.96910636,58.2105307258431,761.61895344876,0.119301396963225,678.86214442601
20574.0581244478,162.252697330162,213.952739145672,58.1319155615086,741.701744201782,0.348059373562258,700.250047237382
27964.7762650152,196.034259428717,233.533813749762,61.1435556605974,766.071751451917,0.320386728252966,820.764782013625
22153.6133297591,165.317104027022,206.792223170529,58.4797907166225,796.369218417292,0.376234562204726,680.683449542644
27130.1937831568,162.038328933513,196.661230787709,59.9394427946617,731.65345097952,0.295381919727806,672.20056134659
27345.0109656529,156.192845379647,204.98231482936,58.0077728306845,722.371361931741,0.235341918173035,669.695529471254
27858.0671731404,157.777239904034,214.674434268725,59.8865955112693,796.287780351624,0.335850673343185,730.991137861414
27519.8923539845,198.888301695651,207.352004188593,59.6029853038254,706.426985570041,0.292186313619563,702.36432626791
24415.6949547659,219.674041713283,230.582069229546,61.023803828171,784.032500304115,0.219010300846886,831.301330864671
21481.8946429093,196.879486267941,233.865193646532,60.5191943236545,790.741643958484,0.140237930291227,818.24342217486
26561.9787279525,199.485411814307,207.301693431376,61.3635835921358,724.039294134862,0.219096003782156,734.796020488114
26107.1630488982,204.495513510315,208.648603805842,62.6986650628823,743.046945374135,0.119682394905269,770.333861455198
22638.7772108844,212.096401405358,222.781145459826,61.962538052255,713.841562303849,0.197834399046405,820.169855913988
18795.3016483981,169.194535121745,231.8868428066,62.6841389244146,737.587035721335,0.438653711266286,846.392417696414
21391.1351721743,192.108203940878,242.95838026299,58.2933657576128,746.162084545108,0.228937246192465,801.81748416537
27122.4685874337,165.277725023341,209.88821523289,62.9582761381027,751.531700682076,0.4463738359273,768.578155124734
26890.3305856823,186.438606858121,240.446319230845,59.6259341553727,713.615451697269,0.408065176073832,814.449953542918
20076.2353409529,164.601090693303,204.343480180494,59.4188019212779,740.750192157466,0.370569361387491,687.932293496454
28189.2223206927,154.479507083773,197.388423909527,60.1030413103713,763.370913307344,0.267802148121097,677.268587503037
24949.0905910218,156.482114156012,234.002028993406,61.873079539779,750.319293111468,0.438569343247875,835.980235351585
28936.0116374305,218.502562462685,218.298291937611,62.7776024098437,784.17238957212,0.211212032082499,815.328962634399
32915.347277166,150.513891683644,198.897382279959,60.7600575920142,795.230224682733,0.253696464856858,694.001725531648
23165.826441268,197.862743539132,198.596182280937,58.7969618772427,781.840712625892,0.183547785786331,663.794783536879
23899.4330761063,211.910163177542,195.884196980523,59.1058638898698,704.801124552581,0.0975708466567995,664.776812935202
29242.9034909314,177.311669639678,210.015842373236,60.1153588148741,723.67610162839,0.350304734629295,719.331111614442
34156.9437162983,199.431396240193,231.17126890152,59.9100942261801,709.803205811057,0.373450805407487,787.446583910196
25962.3708156246,174.81564894087,227.846950875729,59.2146431330567,744.137008682512,0.389035237855717,764.080339816083
20722.5907865853,186.794703636129,244.983145985518,62.2426272884609,773.044572764763,0.211809325702316,890.349192938772
33875.3745373536,215.504342817902,224.58843523171,59.4244363417703,703.41815621365,0.268718367821463,759.930328619055
25742.0413512356,153.038690440911,200.553181060621,60.9060688742934,728.807433088982,0.290659609237003,701.975923980101
25612.4768777603,169.117429961069,243.764899358442,60.4158642793199,710.416889337337,0.414923476930689,843.332863576606
26975.0008530233,157.442617152742,228.908606456625,62.6128012084477,741.51285840539,0.435171782413742,833.377633274908
22272.1113402884,183.811969636488,213.330103887492,61.1229908120819,792.369578695772,0.290891264513327,749.618800204026
30989.1711239629,203.890301905988,207.576158030441,59.690163680483,741.66268150811,0.287048379108647,703.713897313084
28749.3302466752,218.558118888839,206.353267557728,61.1605315742955,764.432776078885,0.144128537883436,735.715004528995
34247.6298272141,160.688284783549,242.830617335269,59.6141531584816,739.380526728128,0.26440425647808,824.951790819242
21367.7923026915,153.257952907425,215.41467779852,58.4970528782473,773.710987156365,0.361812371812881,711.221352678501
28442.1142130366,159.4450626403,218.750429888307,60.4521108574139,774.859926535964,0.344502485356482,754.971562521746
26525.0971946942,217.898552990215,236.043382022192,62.3122811571503,715.195871091334,0.192484673343131,871.544984325667
33068.6736047159,172.541141523345,243.133467608022,62.5426689983543,766.149152921162,0.510463090660188,881.148290932952
18476.898758853,169.105214669977,195.321734572266,60.7012845073504,739.16667367145,0.343360231512133,678.710970850956
30556.1814259426,201.358736811682,244.459851806039,61.4725865845407,785.345778301292,0.289051497780444,866.914107031954
28516.5343179403,158.288031576768,198.85775278312,61.0055627853133,717.541429819309,0.287239133649456,698.313285078166
28237.8465074938,174.879131135383,236.072742670719,62.047615552264,789.440139437309,0.511427865767616,843.29527850864
32676.4972815408,159.794538410507,242.542626288055,58.5728285740607,751.874533112062,0.265112340143413,804.161035193837
27913.5977346127,218.330151041265,222.83396188382,60.0935416725768,727.839944293325,0.111432943537328,772.310291857002
29987.8615245376,170.133413231944,222.3099466225,59.2969354174004,734.740955934811,0.320071843501564,748.254133793668
28840.5365270699,169.350806993328,227.958294709504,58.0393648804685,700.549467799466,0.245057685496539,748.638182244674
19151.7187661154,193.95522009503,212.621888898155,62.1540715549802,794.961672749285,0.203467772195972,781.381466811847
19765.795188511,151.297298420937,203.612117264584,58.7124392560491,724.543205945313,0.306777339511248,676.639983959711
23725.2988325491,195.164389904342,198.401809817786,59.6333329027305,790.671562010667,0.192310210681631,674.171260477857
29232.6469998222,181.367654661318,238.601155726695,62.3486120734574,784.785014997657,0.496706612054033,859.547383697813
18406.1639474167,162.982180525184,222.121831767519,61.5647474343818,736.090850597801,0.442407763165381,788.304048699919
30773.5445262875,183.493165573022,229.052640066292,60.8129377917307,723.182657270766,0.391120274991266,797.806950101792
21333.769330583,219.916133078582,211.335588069099,59.5704433134877,743.137126743806,0.166755272315336,743.486113175205
27304.7819265891,208.220566096339,234.681177055109,60.5847035740759,793.07833791299,0.131429907049198,819.813556397177
21298.2237518213,218.306962506309,212.446233835887,58.3044902760348,784.915491819481,0.158136823066054,722.16948524042
20860.790622161,214.585029862551,196.806553347784,61.5943740308667,749.347453696996,0.180079079243588,728.708935322721
23655.8256218248,207.201568100604,211.698223061431,59.206185887725,755.190837103555,0.106144862546813,718.041090031885
33508.2164991586,173.644360086492,237.059174584372,60.4126377077702,741.295986329959,0.379970865372319,817.865122916757
21999.3084525883,200.782220360722,238.283298277269,58.5183367995757,794.201609369657,0.121169738649607,793.631442575415
18714.9349485573,177.17415657617,241.68338170309,61.5182972779405,799.171304233934,0.276237625023998,859.414923679988
32823.2093340565,179.776534243129,219.648533563682,62.4842715043744,730.25898290986,0.446049675855972,795.409673766119
25162.5612531616,211.026495671655,242.865395219679,60.3209396424161,794.936666315361,0.169907335613126,848.371210142722
28469.5689038264,164.34949607549,219.606390111004,58.4519717464151,795.005230015663,0.298286185399128,725.559760463975
32880.7289625746,170.876761214287,203.005079554764,62.7357224043911,747.618550766455,0.415457020345427,739.502152907763
30478.7429980817,215.04053530179,219.814612298229,60.2994128533836,741.97970122371,0.156422707229968,761.619462258484
31267.9059402694,198.629787604349,237.945949568,58.4474650379588,786.269971852313,0.386746954572746,783.662436756697
25877.0912128304,154.628694826363,233.612513835983,58.9536907714386,793.993626531364,0.327579724103584,779.710435772921
29477.2297163682,158.330020453101,216.28374340147,58.6417550098176,740.684342639576,0.26086982589426,718.699606489603
34428.4706140892,190.017860126969,205.926989966683,59.0084275833234,749.723038387289,0.333348506603991,686.331533432863
32952.9185360167,205.607262229168,223.932966387689,58.8106348368769,734.567977646067,0.324284246930674,743.692329209238
28316.1956977908,205.139969804874,241.579433481076,62.6079655270817,722.989162006052,0.201398890571872,887.186400691001
19418.5378601171,179.216422391868,204.168381322406,59.067546306165,799.500406668264,0.273499665883334,682.054627123384
34689.5866726377,168.293442934126,235.654169021628,60.2786110561793,721.208346109611,0.310916566612769,812.69908022638
21752.6536540826,204.797678461383,202.63470071842,61.6087938099852,781.621001284085,0.159720524742452,737.884983694904
24051.6673840067,216.026800505422,240.936275262232,61.361886091291,742.201334020874,0.214700518136723,871.604305666601
20203.897753263,180.746669382806,228.943328410646,62.7931328549709,709.224369839106,0.291842665936608,843.254481338324
20693.2951800819,159.356643861122,200.469902610007,62.8362932379281,733.702642016964,0.454965719807939,732.567437065103
31241.1858263693,192.57967963987,205.461403078238,60.8316823751445,708.962412134371,0.179462994053012,725.642467543413
20026.7189078772,155.24343066701,241.252714025698,61.6939197649201,798.289132676872,0.530450132633301,855.230419879674
21094.9283643467,192.682815449708,220.219115552259,60.0340737742694,728.629723628787,0.165923952359063,759.522600903025
20787.8246779681,162.292123605659,217.243032678333,60.2400537384412,775.086859008184,0.422759361966238,744.039914908508
24274.5066539468,185.885401117553,198.026301976746,58.5844341228623,742.91391142366,0.319184731012218,653.826581857489
29638.5897606202,193.570965309663,199.149334820473,61.3464636966215,768.761668568337,0.327623453262051,701.512912077369
28802.1256167306,180.836808268047,228.862865272054,59.3792317598212,727.715790362415,0.373235876695174,770.647710346204
30117.829112349,207.704295999294,233.236780821986,58.4420709116484,710.522720653667,0.303583431082,769.853453050991
30130.2992392532,176.159473958587,237.908106880346,58.5517513046294,780.82989642517,0.382448930213685,784.689320699094
18024.2557199093,160.638877619515,219.945150354772,61.5687767075048,772.150786374589,0.461731052098792,778.552907401069
29414.5534335487,182.028168315571,210.935714680642,59.1684209660631,712.348599308597,0.359862276063344,707.026763496148
29417.7506893609,217.35107499363,226.047263367314,61.7934578164481,773.593807102883,0.169032009216644,818.449398783545
18990.4972205673,211.485338070895,225.668324793776,62.5330683085907,761.220063042452,0.222808770654956,864.576935910175
25035.5849679839,171.886083361908,197.024622300817,59.7373218139253,718.61220887205,0.340716151312769,668.975738111978
19299.0391464464,166.859760849629,241.788664737475,61.9517141031652,782.702119838315,0.495874950872899,863.402023506076
21138.8611093857,183.275909598176,226.770622241363,60.2366185412123,770.275476544279,0.299722587834453,780.238294275883
26011.764219873,195.309355539439,195.422581159013,61.8082694719756,751.186705907536,0.202114995047017,698.626460936031
18176.4650638489,214.658997722273,242.991392272302,59.5569812422104,719.656833715223,0.175241723512899,869.942333793823
19555.981231892,192.797672876774,242.673019557819,62.6769642423535,754.577970892291,0.209169856464253,901.373644291986
19406.2309428812,208.143998322444,242.308389668609,62.9447619921678,717.943546678607,0.237207856183779,929.911627399814
19943.4975622361,198.209768202259,239.019978299117,60.036166762766,720.773896054181,0.160773972546473,832.098837233066
18750.3829073938,157.069738894585,204.507243180202,59.0156830880624,726.423723953081,0.510542607118577,685.754885790534
28297.7803706202,212.315771844146,243.679003581233,61.3932558736966,766.288538941114,0.138238274507765,871.384791945607
20923.9199409505,163.740267979056,232.431467534521,60.8756430069635,768.842900905872,0.478636354130184,808.689411532832
32485.3546413811,175.631572411156,226.655928723097,62.9670760707116,708.042875258647,0.444519855441825,831.749527410631
32865.9360496553,208.453577632222,242.133905863512,62.0635336116024,765.958832683601,0.216673784430136,873.851987114463
29551.5904952214,218.835807274411,213.740592489852,62.1822666958784,703.724948080754,0.126256386731087,781.598710449141
19059.5272445189,171.816421192055,241.616286383354,61.5825833016648,790.163182331713,0.41391187612842,857.33974880779
32989.5388686456,176.734691605257,225.060776448985,59.8147372749714,778.001876192916,0.391878339373504,763.971197375541
24893.5038876763,183.457004207707,223.843798786327,62.695305982849,773.160400168054,0.380325700886918,815.452245215299
20972.7117649083,184.02238600331,226.916383813341,60.3649040442833,726.092151335531,0.291634660504198,785.075468911587
30882.0673078005,202.469819871954,231.971117503955,60.0861721616603,798.929005318655,0.290430914621439,795.249340932114
23875.5834001693,207.032450833517,216.730496567519,58.9828681037494,792.225196793886,0.116174935784645,730.507497849422
26275.0306254727,219.645158716216,243.931609391017,59.5384134541415,749.564936760031,0.148336119973489,838.140617252717
30322.1625130073,206.165783699825,199.312418597928,58.0112654559542,703.751754949821,0.258978577196443,652.0653953028
19613.9746435606,171.155141727976,240.540760674602,61.2721815727315,751.835747336337,0.396090135131437,847.426838412922
20732.6390358657,175.212185308693,227.482583146789,60.975851909336,717.006939384543,0.402259456651516,796.319822198179
34485.3101655201,193.200828722212,240.372883080755,60.1009941778432,760.796392104934,0.337239427979445,839.250890890114
29906.5210045094,197.608826523548,213.22380627072,62.8488533553501,798.706401413042,0.23821571667458,781.798655072998
21864.6618965914,156.712654512019,235.732505819697,61.4369126585974,776.215269552355,0.491201527033517,831.376375398909
27585.4617169317,174.384631149471,225.511248428008,59.2469497198872,733.698573063278,0.351347013554977,757.281181857659
21073.3673599887,163.999558190869,235.781669062855,59.9900749696751,739.869462116177,0.455448969995345,804.732681114342
32528.2149745063,185.277410510529,210.768010616741,60.5850873532142,794.153432644086,0.410792655494705,726.820331279363
25341.1731009399,161.959167840448,240.747292597685,60.7076575860455,712.428371975304,0.418192675201776,837.541444256844
31453.1841622773,190.173497797424,241.164250952591,59.4087100154226,788.694136179497,0.417347218442394,809.331144817014
34533.8612627527,182.39276107653,218.114332696267,59.2775293105668,708.200569215589,0.309031754603583,734.188602473287
34704.1057715062,177.970296843624,214.631023715502,59.5167564240127,741.879164374968,0.321940412268708,725.024145180311
20160.7569831561,194.8096954362,223.521946610337,62.8239327859548,775.023608332393,0.20316649669131,834.944908335861
34041.6864898149,178.638589615859,205.401348112485,59.8670641725939,739.951634686096,0.325247196288952,698.758966552933
22531.4459104085,177.76899113559,219.448600093362,59.9588397309104,758.070759932501,0.399107081819268,747.633965985292
24020.4375793205,195.02048471352,239.542176591375,61.5595374333395,749.666191300039,0.227291290523397,854.663993345205
19001.5601032088,154.123699938155,213.107424886878,58.8373343974579,761.814502526842,0.380299820014008,708.088435643627
28837.2196986729,180.010663803533,231.207063435433,61.1849750483938,718.41232568127,0.43350374928024,811.730045045072
28818.9541566673,163.525029245049,225.960823572313,61.3140538400464,758.759991839563,0.408276438940006,796.020704333786
30857.4005749906,152.777995132391,208.423226339537,58.3577559947106,798.846261219808,0.241607904584522,686.820585920589
34073.0500425493,152.492725185365,221.27859098837,58.9614065192412,721.703283083981,0.299928624398281,739.377041464288
25048.5654987303,161.691959918488,237.134131781928,60.3683859631895,707.172732300905,0.373285249333723,819.219648271577
24718.048864409,180.07508979016,222.581029372721,62.1854552606348,739.723307067434,0.43102447838004,800.788313887101
28720.8970159315,189.097710213947,229.190344245619,61.6211176214904,738.258223859817,0.413309203756893,813.152395088925
29117.1857926538,205.350752804974,232.99391569711,62.3910920087318,714.28466189144,0.217065617522522,849.070448113722
25281.7054548945,192.549873082852,197.556997640829,62.2586896818239,758.21720396304,0.226821056525206,714.497689726359
33466.0950105165,186.131951438603,197.704612088511,60.5621872840961,744.534149439129,0.35776193272877,682.971073937202
18810.8779629196,152.625667233113,200.779686989296,61.0834108687399,783.711957108772,0.433189453733532,701.940224267237
30496.6764448597,171.010160166722,203.507070590073,62.5881920608044,742.67835254146,0.414186368837015,739.359776842319
21425.6960313456,197.951084511412,234.99652627811,61.6499993049356,798.640668547671,0.189579193750173,848.463905214479
26116.801268756,169.424216241668,216.394455261278,59.8597916293026,778.104555867876,0.396324093220971,735.373239298409
32266.0460244562,191.010957371388,204.537489051696,59.808645793361,749.162334621142,0.27851524583054,700.733021885658
23549.3537262711,192.060423855051,221.312316247631,59.9129026374351,755.849290623579,0.261483939330136,756.162834833514
33178.451103238,171.580062038537,232.512786590565,60.4986671941971,786.046775272193,0.412425256104926,801.666150573068
25413.9375953195,189.618922392373,202.229349034754,59.8889136493141,777.58104729269,0.317084418333905,688.452189778297
29764.050162195,157.843001130285,212.146865470831,58.9451580315534,766.710994725656,0.251876318039868,708.920790755276
30048.5249194755,200.550252330279,205.005193390478,60.9123092402785,728.73620228567,0.296658904923528,716.319293620091
22391.4984967077,151.782061865995,226.949441676214,62.3821544958462,741.550461861075,0.453614352406678,821.344495243383
33187.6801852018,152.548885599403,202.116923152716,60.4882871529331,779.054045947108,0.269946388760268,699.786955435649
19948.3484719117,210.633891271595,233.420087499756,59.1222279393195,763.60676835521,0.185940372621468,807.502323783736
27920.3183835056,190.078202407565,205.736833875188,62.0821621604113,795.949542840077,0.314289250664003,737.79060085203
33743.287081686,161.301933501402,198.061902658913,61.7128201784577,786.801799355145,0.344849076549115,704.023685401186
18497.1676184552,191.774834377341,240.412336396501,61.4769745137824,743.270428619173,0.188708343773665,869.578208149724
26792.492109506,175.927999532266,211.417779551959,61.3534439178598,730.92043453318,0.425733508837187,744.943293729843
22157.8887227095,169.383688110179,219.88695494151,61.8665081021847,713.995067495164,0.4387419785822,785.257796909328
21162.6047391987,206.674446980363,200.03235553621,62.1596581869704,741.069528467267,0.187418039145112,740.894936045658
21893.51842761,183.081072776948,218.340155719244,62.4965347788501,724.873565624274,0.296722159273602,795.35092408003
33226.1368820671,170.722759925867,206.401783958113,60.9964593921301,701.372928686193,0.30663824886415,723.806649426385
25010.8707056289,215.951060497961,236.398288269552,60.060928413159,715.240428473513,0.144165376715352,822.436569744151
21958.3396047131,161.477702302285,230.10032247603,58.4871162749653,745.772842879428,0.367178764871887,759.397414039066
33688.7370990933,159.612502647679,227.755965337108,61.5724066184756,788.996383438317,0.386590341874178,806.994694456191
23396.0254564178,156.94954550218,233.435170540823,58.7334850248384,733.598930670819,0.316115566005837,776.327702655336
30076.3685441012,158.635343923199,209.594916399091,62.3723364805997,744.689341068013,0.373011130285546,758.350365361595
26909.1060859905,167.79610460224,217.259317298124,60.1196153319714,739.009915257093,0.371164266152648,744.411026407437
29289.9521384557,198.431857809339,199.229947921021,62.4125463248119,737.719822998016,0.256137074885808,723.730950639991
21000.1282370365,196.588519985591,198.468658859311,60.5974430852907,772.805284651973,0.124874657235171,696.390784678533
29286.744510467,203.334977808402,211.07400260553,60.3108943075728,751.130550566261,0.248206907441199,728.319333026823
33257.6289771042,189.850088183668,235.538931174051,59.8996529374733,741.182507794978,0.402883274421594,801.490736144281
19604.5792375017,183.630630263893,224.742389125564,58.3279470576814,794.014997549578,0.222675531275882,738.585435705545
23468.6076589831,179.982461158054,215.817846289778,58.0685455856253,729.329646013397,0.346723225830567,705.213639722206
34573.2527217409,211.128032482956,243.331879834649,60.5538188180059,783.230938852173,0.24446176029074,844.980075904992
21738.0138053507,174.305613554891,216.6212991878,62.5088489823612,752.07669757282,0.326737607027959,798.780121997062
18913.7625812268,212.288397971819,217.783726688644,60.8858226393836,744.744263573918,0.186505072548162,798.663483232269
18862.8548613988,169.676662802367,244.573468245937,62.3204032935161,706.739858673022,0.438597944616311,886.206433623455
22644.0075291551,160.831960476077,201.827002807104,62.9999826747626,785.069833890947,0.47685444644723,738.307487853926
26090.5702727381,167.920265385954,208.06034781331,58.9149493720474,728.91957722988,0.311773534448786,693.997663721682
22519.7669310065,184.190676570465,217.201725461276,61.2618188699618,768.720487961694,0.312287311245806,765.520377786305
22729.1947419864,214.56857593046,223.303303099437,60.1731543442949,787.090009921018,0.23536140127153,807.1327427298
31905.1720620919,162.536937189967,202.703254178294,59.0670155464502,754.27822108265,0.255984334798295,679.313450506816
30674.2707371715,190.055600701998,211.02200624707,59.2339831713101,765.153949652723,0.357571602969609,706.340330205384
23225.9802012287,165.387399180454,206.282602928395,59.2587310151826,735.156952416197,0.337389043144368,693.121678786074
23861.2736402107,197.130634264749,237.014990140629,61.6065676622816,773.272125736564,0.172231655756971,848.178987530648
34514.576467843,182.215267420874,235.938522287649,59.8388384098475,766.504958114551,0.390510247699852,802.880409489825
34169.6789035752,201.201997743076,207.293022524051,59.3080031281787,745.066249475551,0.333425573269588,695.755277872512
34580.7211708438,209.403220560858,216.346503989992,62.4469270030051,764.379387005797,0.201806046402433,788.402701788661
33962.3740657795,173.609280214692,227.242342059953,58.1991831477996,728.3111790271,0.305000976529171,747.720151264012
28585.962602937,215.750562003221,197.511261848215,61.6311835550897,766.78489894911,0.120002877711461,714.543467080831
23142.6643176111,182.487938236431,238.739749232939,62.8103372653445,768.007267255601,0.369262970088491,873.856923493733
34499.5974515037,215.570078239834,220.507402713879,61.1019869174593,745.133524934821,0.201889393305677,779.959341029368
30310.5254012654,166.108604640101,206.679024228853,60.7311881128314,727.060272121003,0.328264812187932,719.450167018879
29874.3924816894,212.757497736601,214.544732139852,58.3303105630996,780.385934724033,0.187783871237503,707.35921087657
31286.6911514087,173.416895694123,239.923592846767,60.5297187420364,775.854154192291,0.431694643586662,829.695022811565
28073.3777621387,202.51997556359,196.475228949629,59.8756964147963,706.090757577684,0.25341654263264,671.148373622021
27783.1770223098,217.792566977837,202.452933856859,61.8419406774103,749.964050270581,0.156198646936917,722.861634558052
24059.4597157296,213.874562795777,204.968371993344,62.0670659814189,710.129566035415,0.17556595978557,753.535900392171
20410.162565718,181.965316898621,198.120934582342,58.8594091262903,733.499077005048,0.235756988996541,658.083991625901
25145.082443838,174.497145908103,206.551224078606,60.6087428357375,742.483407548003,0.382312467420693,713.896093864844
26548.4974172109,192.756343150483,235.219189036475,62.305991511978,719.539867851535,0.310937563094075,847.947545656069
32728.8176915054,199.081820767992,221.044452758232,61.0995143736472,747.222238124634,0.361086704435416,774.4127109266
24667.8325748075,187.310056525741,225.04725399615,60.4297200924456,770.73700636134,0.358025550285231,776.178743218651
32834.4437565935,209.037192693032,203.117802481411,62.4938683373958,744.446369046382,0.183710388281739,741.124308227484
23304.5351653304,154.199660178698,209.028974824506,62.8448565074397,725.6023455429,0.383381269214656,764.919564197838
34036.9406414874,191.68355617077,240.760754279956,59.1886526602392,741.907743361609,0.392639557838119,805.945580364464
18606.0225218595,186.392184314664,205.847700377822,58.9382928234554,760.747733099652,0.142591201993167,692.582132435935
26680.300382302,152.835244777728,240.175814639272,62.3376355234405,793.586429296015,0.465827406249836,866.660868383504
23384.9373430304,150.942300793432,227.736512522604,59.2496426479928,750.268476163011,0.308532782001773,766.61074693255
22947.6706948319,192.358775714537,219.914582528009,62.2289167223061,788.433931959944,0.176704200878597,798.905080147402
19317.3046771675,158.044752426544,203.930393845726,59.5243582364014,798.485909830917,0.412262262803561,686.876863751054
29331.3459140028,203.75286826738,228.210991261513,58.1094552422686,756.870206938955,0.307096807376933,746.697746166253
24554.413731907,216.391992483589,238.902605787577,60.2087011882136,716.290282876651,0.167529606511244,835.965917511402
34140.3355150489,162.592016093768,203.282441208274,58.2271414011898,787.167573656517,0.222996356910679,667.682657804903
29896.2649051034,205.5759566739,195.383294155948,59.0649614620647,785.545534625128,0.222234174171612,653.439888726037
25229.115181676,190.914390509032,231.366556343126,60.4195946611053,786.183752350844,0.353342767208098,799.946931273245
28562.0832211111,180.877047416062,224.775254642638,58.2141612104793,795.09422097153,0.371521713558317,736.606191031555
19088.8877703107,194.968332747756,219.958701970478,58.1849725670665,729.385169861767,0.117188698530471,731.513797855578
27904.9396254701,205.925848746781,217.338953019713,58.8028571656913,734.415859929789,0.241016914361747,724.051302813972
29091.4502472761,218.065472982299,219.496312292471,60.3585410701423,769.361805289469,0.126223365857049,765.304717645781
19683.6246778236,195.578617906257,213.361109010882,62.8774321062739,757.3427499293,0.195777688215961,799.986218032847
29372.6075390235,202.282132381982,199.058343758557,58.5069284639597,786.112688904212,0.26865725024477,656.256670527527
25780.9368293002,192.506033314908,233.065713339603,61.0808391794305,727.645785684132,0.338333448080272,818.513572198689
25866.5571534879,188.947403783479,217.74838522307,60.5099251505425,766.939172634992,0.364309695898334,752.692618419991
30086.3845472781,154.606451811675,235.580039753537,58.3215575854082,793.774983667493,0.276568706251301,775.762991508259
25389.0853466764,160.656753266401,244.033650596314,58.1972583381881,723.801436736116,0.291464019749727,802.402255601922
21927.3181993791,176.433476316848,203.832885890219,59.1415210023786,732.151322136704,0.351881508485701,682.223417057013
23019.6032140086,194.860140805856,234.093873790893,61.3800799462242,741.026082720404,0.197788045419903,833.068306369839
30286.6318456802,155.479373254242,243.721732462418,62.8188624801532,709.659750655956,0.414550476757798,896.062794903495
19178.2370016469,187.672498111643,230.63869803885,60.7659657549956,719.47233211503,0.14782096751547,813.074256251988
32068.5606847355,150.970366626471,207.518967779463,58.2464788937118,738.912415121889,0.277389314221278,681.654848296297
27733.1137374149,203.577298717924,239.45547561854,59.3242124469605,708.167345722512,0.28356000644113,808.813873757092
30151.6247637458,196.250088215364,234.061701001327,62.725973450301,737.165141521785,0.33960117467315,855.217823436343
23823.4275613142,186.156666194581,217.071699042014,58.0709481708627,726.678019555956,0.2612085540492,709.918095071413
21704.2628476399,189.518147269203,223.395093591002,60.9484616672447,785.708344161231,0.203336805627043,784.567808604482
31383.608039638,215.218987316804,230.527828691659,58.9199329557471,762.277717273227,0.203370567393486,770.920628477438
19638.3586963399,213.440230182097,201.434209565041,58.3682586741051,789.6147115984,0.157321547326951,687.859571602313
20675.5968322288,205.105196554335,241.289986088663,59.3008104106697,722.506487612862,0.168372832400479,827.350786101315
22803.7155030918,173.841930155864,244.331980583929,62.7073246657512,708.767221081177,0.494287287298884,891.885519605737
23935.4290440155,157.591750361262,211.204778166535,61.7520245835716,736.574511749161,0.397676361282563,751.568961061657
21356.9312577694,172.652658400747,230.24713945206,58.8786991211727,705.923584142102,0.389694220412125,767.857118416491
33370.0619896796,202.581969316955,215.603950474628,58.3665980538623,788.06455920193,0.284653290933733,708.402929859613
18420.1301170045,192.655583499719,196.676336361202,60.4935599586717,721.145391913493,0.147112570169243,693.688126170693
31363.810743151,199.039338611207,242.922749734477,58.2830989672367,715.618172259048,0.35956181486024,797.953285938204
24786.4566724094,157.347202207868,202.441898140837,60.1086298458741,779.181253556856,0.33489816637857,692.644131662975
31987.7920801791,160.957846070784,198.795801631139,61.9988525535205,771.54323878198,0.354941566959658,711.6027452219
31247.2926804724,195.906422692558,236.089251175615,60.5218408814416,705.954373397479,0.17560056123218,865.052558210782
19877.2961939095,175.976638881763,196.944497023166,62.4909612712316,751.475118631575,0.308458477457676,716.740835763879
29098.3598242206,175.824594028726,228.740940160839,61.9304319500747,745.377150561289,0.46520771787318,816.58904941641
24400.3101911197,177.245136392162,241.493950888881,60.7643440013899,739.222879792541,0.467861521870234,839.00733129367
31749.5470527773,205.403829352789,214.87491011396,61.9155296484339,714.468872805897,0.265158213838144,770.783802783508
32253.7244797816,198.570244381906,198.499523714948,58.5239559810835,779.140268300657,0.317271383040889,659.399262736847
21088.3847410854,157.460962028673,206.162127384018,59.029720348825,726.16872542031,0.31343607680453,689.026162507016
25854.743383994,174.414097608348,242.412160469971,61.4802234165097,746.432377453862,0.48309627658936,857.464862382859
28015.204259972,196.701917474737,217.724098156076,58.0357959143554,787.614262895632,0.33456506986176,709.903163089214
27067.7368223895,218.466747276304,221.682513395211,58.0278974805305,733.161406674853,0.108607596573617,730.794060344767
22262.6898053747,213.891438424258,203.149327912159,60.0008627314396,704.099625786744,0.153903896078777,711.275399702022
22575.4482609936,167.269496109897,240.837835757886,62.3521911638871,788.564183001036,0.539050125625136,867.297392031213
32392.1515705174,154.733178005099,220.765119687134,62.9111459473182,749.932374781647,0.390516412886955,810.754835377535
18533.09440496,189.755784433559,221.127924987139,61.1984159271898,750.034814305956,0.16183554337184,790.510798395953
22415.9448240366,178.172495668597,223.610588378297,62.7618469588791,755.631355114635,0.403014334484694,816.580026990154
21713.6131170585,162.928232697352,232.629439457636,62.2259227503876,719.921218083274,0.49984521333983,838.197974514925
24283.8259411068,195.080872747837,205.475041654857,59.0310830257464,771.944272696849,0.237091361672276,687.607855744746
29462.8047242041,161.107433709701,242.045564931603,60.1074460331141,725.265087472717,0.327322444025839,832.536845031837
26814.1456245837,174.96532156621,203.998431247167,61.0877936126988,731.7277416456,0.407552606302164,715.053495585564
27005.4999228955,205.276950711552,205.155638095723,58.7786653723944,764.242008106773,0.198700995349238,684.271128222316
30199.2731904449,197.438800635892,195.709210134322,59.586039076313,775.524531026535,0.299322853619829,661.229561590578
31565.6222959143,192.448083249866,196.234146405233,61.7221216742057,773.521295172225,0.35400391034249,697.056575887027
20563.5717241496,215.070590373188,216.017093565127,59.7754900360092,709.082685511333,0.163903905764389,761.797863390259
19721.4041324763,158.694825546371,204.422438898014,62.6336713189947,775.90501831267,0.473512043920925,741.619909747573
23040.5038254372,197.915757234164,205.881969774583,60.1297786483865,767.215138565164,0.145146833634271,710.656605268475
31861.6409425489,158.012582131523,244.361416628415,59.1232477033705,761.916933931177,0.293296988506438,820.167765308259
27020.0371705237,159.33455306156,241.462462530744,59.0712776652697,796.847332784418,0.345946925451939,806.12517871756
20268.2596579278,185.171522345422,210.5316006489,61.4091633493396,735.874918516014,0.215186161483173,749.489055233998
20635.3059786224,151.894929428449,212.025284593611,59.9176960457847,768.957460628074,0.389956864615743,723.340669671558
33135.8930220095,184.446374531202,209.431494341353,59.200446804917,758.466584955462,0.352060351029852,701.183919596362
24186.7627069025,150.707942988975,238.651635254266,61.4448930141332,739.438357553018,0.389001443545483,845.963996601619
22306.2550846826,191.836248802429,199.865036657967,60.203253429641,779.256939131404,0.186212496438345,689.201300669081
29619.3706709829,171.976269103622,224.027548013095,62.2145696632633,740.731522888261,0.44798761741448,805.671507941226
32432.0746088531,156.040791784239,204.606816300081,60.7349583037169,756.804248986875,0.280046673994156,711.728015109893
25212.2827307489,204.400342187604,232.215708083148,62.871953400928,756.92438668525,0.168921889417256,862.90002602903
31124.5046867651,177.007370541566,226.237276816154,59.9648806131344,751.760669433623,0.398299656536103,770.70544600919
25068.2181360473,180.704875550435,214.044940088584,59.4334044128479,746.219402316099,0.375466758242169,720.627498520896
29571.3880721051,176.13501121762,199.847966531235,61.1881063624755,718.235430877593,0.362693734472188,702.236134215573
27598.9898552013,156.070976172316,232.663314156229,61.5070546348123,726.317308993442,0.352716453412937,826.23987414239
33044.6892385143,181.80259133091,198.900169624625,58.1019766215209,713.899521683549,0.248908251165401,652.015976157673
23428.7623008917,196.062747478485,208.80323877484,61.3321648443572,772.858239896997,0.164905449751322,742.371366349906
30733.0251135055,213.124516315449,207.949584614909,58.9310940817844,774.901708483869,0.171967276655092,694.888896337553
29406.9404418139,203.399966356262,223.800753962978,62.8012766582829,764.839647770025,0.2800180046757,834.098317207807
32012.5035289127,155.878004629635,220.588276541116,60.84998462169,791.505818164275,0.327475890273818,769.908054297318
28226.8817015655,161.544909104354,209.09552711382,58.6815759191793,728.591608232425,0.228529558543467,693.885562597044
25605.0485087248,153.305228269769,216.127127931237,58.2872798848356,782.125425922209,0.271512848712131,711.164353716372
18739.5286535619,158.130459993985,216.451878631305,62.4260525351973,720.985370118423,0.477463432965173,783.984306676291
32046.3680789231,183.181597122999,223.428827011097,62.2538155314608,707.490408241298,0.427446694788062,805.949753663228
33309.2310202457,165.554111887488,239.609467910606,60.2588527697901,700.012215630229,0.292449680817561,827.847589069253
25373.5091996605,194.706173164619,202.41908533282,58.4656621637203,758.909669854016,0.275361262571044,666.958218643955
21685.6200356081,152.358306674337,222.718975942457,60.05135157898,778.058069139991,0.396229157955455,761.718356815614
28848.464154995,209.503413230085,196.12586055328,61.7387845478607,782.449576022079,0.13773425496013,708.646016714568
19887.3546879947,197.099414598025,229.26802979134,61.2834184192977,747.40760789793,0.178610600369562,824.02714138059
18642.8032109967,217.948887279176,226.589437690214,62.3417466108688,706.397427366242,0.193930074158016,876.124373423566
22880.1479962676,216.536407571006,229.031179313035,61.6851564916346,704.127579213344,0.200775546333717,840.458999394426
29307.8933139287,198.01975050949,218.129412585784,59.6817963048288,791.491235884726,0.310228211341233,738.61022786298
31613.7818648131,160.875515732007,204.664715280709,59.7402155608084,710.304664256084,0.237297945494758,697.90312119775
20541.0283720509,165.758442539047,216.96510924615,61.195465796051,778.721164052236,0.450933665102952,760.932430461122
34062.3530728117,169.828552924789,196.341075310312,59.5677343840759,707.726577246801,0.233420858962522,666.870463494477
27138.9340595184,179.42910663219,213.765290635291,62.3645418027736,720.477791127647,0.443479127159457,772.326407852625
33605.1912155262,189.424992232761,236.331042348153,59.6619218402414,717.979778019153,0.383340641747994,801.065752553241
20400.6364966561,197.301972555543,211.79845144182,60.4728804540553,729.426303469667,0.121017542639983,744.692790977901
25543.6493588814,155.444105803665,224.454996034448,58.2376070691299,740.971718723937,0.262831954154946,738.980573991721
25074.8760348816,192.618038918151,208.369629439596,58.6306169776059,714.059146566476,0.293261171351154,690.243368965675
24792.0184845656,154.233161205667,201.995963244259,58.7034049870721,797.538115905655,0.279962982338671,669.967296577921
33803.61002077,207.623855685351,220.921980703472,59.7679764857389,700.159781285743,0.319742580263946,751.13949915519
32199.1597226831,152.921896007749,197.069110721447,58.6248960070424,777.258475748285,0.246198687598694,653.45223471061
31193.4419761469,177.03451241275,240.104153277684,60.3278641441376,753.107437322287,0.418202997052706,826.832892405777
22830.5358167897,178.944914593622,233.286550689406,59.3717971810654,709.502921500322,0.393014456592656,785.657475597064
23755.3878497823,189.337106070441,244.893275861864,59.3973583592397,713.302170673233,0.3642305121967,826.399702602829
22371.3430387882,156.819130604217,244.670351347429,60.2932960049823,760.594603743231,0.436544555456105,841.276008580241
31160.099343998,215.259304645512,230.830761557525,62.2756180358979,732.956114448704,0.128152876808341,842.200816184751
24569.7859987598,176.676723530957,233.212362574243,61.7484320426734,745.407726676117,0.468396126791118,830.463812890795
34676.9675221844,177.46639533232,221.121992993595,62.4416246508907,755.331129733729,0.459480313040038,798.439934368861
24111.87723361,166.876708084708,206.215619901196,62.9572069858085,758.51543220864,0.454404329818235,754.812885798508
20760.3577587455,204.346766094052,234.73887585605,58.0630775234661,759.253664604478,0.144834497386038,778.865037162461
33791.5966581497,150.603783521387,208.6911512163,61.4298816080915,707.845433254394,0.302333031259647,740.173048262436
30944.150897191,157.49440189669,227.193370341932,58.6381007566982,774.682273981221,0.261871229600845,753.782504317714
27768.7279261381,182.696423776608,230.991774002256,62.7026063763475,730.851299585899,0.311549105746508,855.419286452054
32407.1056122921,217.804156602839,223.03152580206,59.1575079656258,712.722590845775,0.24634197819316,751.117842777319
34161.3812988264,152.588654498744,227.676173831179,59.8065092344852,711.345411412407,0.273462339932755,779.997660235136
32445.1425980432,154.293444645685,209.524353882389,62.8997283428681,725.90194811783,0.32438399962123,770.502501155879
33239.2479349914,199.90312206234,232.384329530742,62.3547636706828,763.754863017065,0.329502643313224,841.300831685633
22554.8486991403,201.433389432631,242.24818033349,58.2537711699655,747.509678457958,0.160894828984968,802.040883962533
26345.8723879534,212.707599907847,218.64494569411,58.2480206138852,711.910321414198,0.154779440991044,723.380634426333
31223.794093803,189.878376940184,201.136389951372,62.1048803042295,703.37570198077,0.362438563080038,723.844696627688
26715.5447903339,177.945198956604,225.755151843852,58.3870791820186,702.006237639548,0.326674927310606,744.18220857836
28784.7414557674,181.169920096478,211.864110554264,62.2660284572086,742.384715420236,0.42617120767911,762.733144043427
33566.3893624237,179.933140630603,215.378013242758,62.6272863582562,779.232071132344,0.462610347604119,781.077299712837
22964.2405166418,218.249481816225,202.932105883784,58.1353039712972,758.589199275016,0.14178123705399,678.574261613627
26951.6721763448,176.499698383442,226.070156428953,59.1287422536638,781.029843561264,0.40434301805514,754.602421477889
27394.2163357158,156.859896733841,233.657844728155,58.1290329099366,733.438317528745,0.320350856521686,766.963954257594
24009.9323454463,170.459179441622,232.592040280301,58.4099669195785,715.583008722252,0.353955932015911,766.496321441578
24216.7939895021,217.029152873389,244.705832265537,60.6597175296948,780.315481110117,0.217281259593517,870.646514974877
30700.9646589339,179.560370102252,205.919234917342,61.6104309805515,773.328494985175,0.474824478171523,729.659266252362
33777.9216201067,172.058551547564,240.571387541304,60.4207525919185,760.361617022019,0.402081393550232,829.354524734524
28650.7164098445,171.860897531114,231.059056317384,60.0299490359952,788.376049887261,0.432043073048527,788.378393180536
25975.9989996587,150.670217631527,229.734584472257,59.0575650675366,764.193038786635,0.313518225693536,769.710038707577
30407.6790208219,193.855026944255,228.685662227565,59.1991168645052,753.012895173432,0.368200072482081,765.894512614457
34981.3367716024,200.33355972392,221.568920176499,60.8734840228828,750.646703511524,0.371126132025105,771.468213795046
19357.3930980467,175.058048766242,213.644850469827,62.2856934957279,762.802877878216,0.315245930609155,773.208990598609
28899.0250987303,210.929811033518,242.202188975313,60.1101087045976,752.257950535218,0.190178051507112,835.14090769371
27225.4192950507,201.956035042727,202.886683506742,62.7177739170277,729.001845312209,0.173265134895508,746.040262522211
28274.6363421581,191.686343953415,204.06483658405,58.281006464473,795.587567395761,0.338496657033578,668.252886883186
18341.1914314359,198.845778646698,196.029513475484,62.1496516232963,796.225938705629,0.206762572549918,729.239063002127
34269.1586569432,203.82030353395,231.348730454034,59.7228874461596,718.090347809437,0.360471959272962,784.823009261647
19421.5637118118,186.506225736309,239.183100118124,62.3754581181953,753.728876651842,0.15531679471793,875.553568345645
23133.4721086035,177.625192499194,204.596314513766,62.5809021457288,779.337815556667,0.386838276764962,742.187204329122
23026.665879382,158.723034774321,196.994346676564,61.4775269226258,705.657361611665,0.34596572723787,697.482461578831
30232.0296199855,178.066124131564,207.409013399229,59.8411792573319,713.943920916187,0.341321155363317,705.535700723049
29157.8398076967,187.965810343883,238.768007747165,60.3269656669306,755.038745261063,0.414911723164635,819.628962390283
18981.0238365336,216.27237311896,196.005549223605,60.7543655795947,702.586796038007,0.152403335590507,721.709732823338
20395.0706290634,160.544224684694,200.087035518668,60.3489834766287,783.263090512186,0.398517974203825,687.695368152315
23322.0141660494,202.907845014428,196.516925491981,61.9289432401745,786.918481417573,0.15368895753163,714.71197723233
29782.1051633772,166.722850558144,242.153384191441,61.8054221092533,774.293186766095,0.48321761243448,862.051714154242
33764.4021300482,216.939699565687,202.05927911242,58.0752826351989,782.269717748627,0.19372742567209,660.908324205274
23275.5275969388,191.040149581288,239.864468439381,58.7815431510634,767.957678457757,0.292420177343068,798.537730290444
26695.4991422144,180.034446068308,217.98866454995,59.8951367471624,715.727388811462,0.377176873463517,742.670356881009
24321.3016975373,174.642318206736,214.318285691784,61.3401797873858,702.869408398304,0.420182936844825,756.423286000973
27649.3579291233,163.889091488307,215.897288115866,59.1714735635772,784.523401271784,0.361412661074212,722.875122467212
28582.2567951608,199.86521773873,215.342435437541,59.6278298250373,770.782109033202,0.289243163649044,730.86690774665
26557.7766682981,194.037489139011,211.968392209972,60.3522179503524,740.349871350931,0.303181471527249,730.270630162453
24496.2927166144,212.186423291374,234.916607513426,60.8987219153231,779.840685293698,0.190495646027989,835.397741961794
32775.99207445,191.325737442327,220.238270818166,62.5132183139011,705.452641970655,0.411364860071378,799.35481591348
31336.6134542515,162.086317566072,244.498424147761,62.0191360788597,733.282267700801,0.406250209196676,877.978180140041
34988.1797429389,197.337120824939,220.822350020016,59.8649422710355,735.385143780972,0.37760139016611,751.165597265646
24815.8671167389,211.36537382288,235.331764165585,61.782361339563,711.619305000759,0.167180571335413,854.157454253329
18597.8499440666,219.50745952544,231.595415037667,62.1702635967071,774.754810173153,0.214955878137759,894.429988393715
28896.3282754178,197.547352835654,214.716525712498,60.6137037695314,777.784876897706,0.296116002339127,743.939311943466
30961.5075863638,170.41645038557,233.784076326129,59.4971192598442,759.338845542933,0.359098526325235,789.32692046242
33915.6726884088,188.973395681744,203.050576386786,62.7277447078106,742.104901872374,0.40375546369262,739.584354254446
18148.9882081828,185.835526426232,205.521675222712,62.8151445414972,762.111324688165,0.157872754882254,765.199252291476
32762.259342261,185.555313963504,225.631065781041,59.1541848254713,789.564870232822,0.401570631968658,753.241104115984
26529.9372680848,155.789420012129,229.987718003432,61.8810350348396,736.822140405044,0.384034867804193,823.391492594827
24367.6192804363,163.434958445564,226.797655881078,58.2366855076628,734.628722307914,0.311656363916579,745.673899012285
21665.837531799,186.319368215358,220.345775408368,58.0131868443738,763.118107405575,0.295719032217551,719.475099606626
31596.1341851455,205.494558697362,202.132643765782,59.8151301739746,769.139154561147,0.257129699429212,687.826838592528
24091.8536020508,162.859233920539,213.278013491421,60.3549303572113,746.309132247521,0.395683123257809,734.717593297448
28152.5514252914,161.330714102168,225.024696910935,60.7163228228528,785.279180219403,0.399529197753989,780.642878661613
26397.9756384387,203.115816343486,206.594429117687,59.9855023141692,736.262262994154,0.201903616279238,709.488419711121
22447.768863308,197.90212612304,226.441050890346,58.6882770690774,765.259415801799,0.169400056995366,755.090979810568
31066.1791913296,183.386602556214,206.975280036236,59.7795444118466,767.746233557051,0.372637417114613,701.536360877267
23013.9651527979,153.751868378525,199.808695073738,62.1115195157158,731.016227497111,0.372514501648279,718.548109684261
31052.5777007394,182.804016500223,210.715979476729,59.7138292924229,701.634862393296,0.330353759260541,716.233509620022
24764.7668801051,208.072555505222,208.769957882247,60.9031375700729,782.832060240551,0.143672242664588,738.944734139436
18459.435161003,150.869843635579,234.894330632453,61.366352248163,748.663327998695,0.496349096814269,828.519476776154
30683.4790993653,157.191885903044,218.598762932166,61.6242150376496,710.652130094519,0.31152413436966,778.764417358191
33172.3293827986,206.583440894826,198.350133465166,60.468962492899,796.00981679591,0.221209373672074,685.351974950872
19853.2517441692,186.35280258462,235.125444091699,58.672582775432,731.335415153668,0.229060812105559,783.402070359573
27807.794486232,195.70769680463,208.674720314261,62.5048830772605,747.814607569244,0.248721058363436,760.990376959357
19189.2859538807,202.081895688149,223.218230012688,59.3341655157058,748.833612290329,0.175396533580871,769.983422553554
31888.7228340452,171.212110520655,221.724488849682,59.7270050583575,737.778020337204,0.325249473958456,753.414257483296
34840.2793909442,170.985708900936,243.517456521078,61.8214987412787,716.943847325021,0.403670888874872,869.927483966064
26092.6352827174,168.765094970368,208.027468613363,61.7610356162352,770.558285476746,0.44401792894427,739.039546821617
23252.1872020722,161.678446178642,202.528130646967,62.4870142945134,721.917655047815,0.415847450098654,732.01439005757
32144.1418444299,171.470420407434,208.232876377923,58.1914337628088,768.906851661311,0.275903230704353,682.515958574875
26616.3151930371,216.57893881526,223.625321446681,62.4029303706821,780.188824618471,0.206817999871171,828.58867376194
25355.2298195565,156.281692756126,206.131349719823,61.9383946906682,701.943533510117,0.336747599499849,739.920897803539
21799.6167412323,166.689266694926,211.843964540532,60.6308018924319,773.859227252562,0.432102405116322,732.356862415086
28386.9277896921,172.316733761537,227.529126435928,58.8251490893861,764.756051167279,0.358644437618559,755.842255899003
28195.3523217781,160.368417376443,200.937301707587,60.7064775981566,722.041403665086,0.284033800430749,699.282220673469
22431.4241143303,155.607669788398,242.262400873819,58.9775049751233,762.96790511796,0.373780885400067,808.707215298842
21524.343426323,161.223173049312,221.379176826774,62.8290448888372,742.341746847746,0.491885962309648,809.201986896093
25156.0652292284,186.661083355332,218.561641482843,61.509543289771,709.399273069293,0.353268786543079,774.667834188007
25423.7204783186,191.257750868395,213.091818229433,60.9229812756579,752.872883475029,0.317880719644741,730.966473234
20039.6004900849,165.076212063076,207.476781366293,62.0837250726758,797.55248383163,0.454693738329447,742.126634601882
22667.1507735811,184.819931604776,218.548160744911,60.6491376272244,765.820475300634,0.317374380490095,759.016370714641
20580.072440962,150.544672714145,218.708555566661,58.3243841897441,734.028543580747,0.29826089576227,720.856179094283
33207.262659041,191.79980401784,197.955364151375,59.3254462700318,757.285897414756,0.340376654224892,664.398112310719
19225.3893329343,150.109228484012,236.898718969176,62.9210900049608,774.535926058396,0.382726274014378,870.40418289926
32747.4690479492,194.465935530409,235.494140756255,62.2559389679112,717.286846092161,0.417238278334081,848.402865884363
26742.5966427584,183.297178772336,216.94441898634,62.6488443320825,753.489541840911,0.418031003893305,788.879863484488
29076.4536804651,157.690661221298,211.65276821065,58.549463827382,751.246673528811,0.243016772172965,701.586491438699
33577.3363597563,156.53792780609,219.583742259607,59.2691560431989,738.462145796527,0.256901803883562,739.678141002781
24142.752639735,150.581150324957,206.344576315889,58.3496782359468,775.284232171274,0.256753722407765,680.000803903138
29758.1725240622,188.060438175107,195.077255447229,62.116647026543,757.642196842404,0.378099804795681,699.915802109573
29180.0070730764,206.348825335995,212.693907586269,58.8952182505078,770.219790105434,0.234793866522948,709.157070517853
34850.0331392706,209.461776449802,196.108449518044,60.1435628421987,760.953282155358,0.252390679509221,672.63332250729
18702.4112200243,189.247923049598,197.363689376111,59.3748844948105,778.315575628502,0.107197556090823,672.410995276979
25513.4591835684,211.873024157262,196.79755970299,62.6705896248356,764.340410092851,0.179408380154288,732.568959855148
34873.1544658216,209.86913245505,238.531168792228,60.983080848778,768.479293835292,0.257498813795452,834.721607748372
23505.3036722627,198.337221946623,202.516807704979,61.9881012690575,724.558741880922,0.138656601088519,733.170303440948
34449.2370855589,175.484808814717,208.015999712451,60.9459586653776,784.397467927943,0.378863984896653,725.543533316617
31665.0107618217,207.67777032914,219.094635751469,61.022421220878,717.133171468707,0.25658780665279,769.076780375767
23767.2946734702,177.22794522131,221.154893298001,60.0115433996691,735.130608217886,0.398795202131208,755.386809930434
18455.8237934164,177.924916280989,201.295999399227,59.2216868093884,788.627368795843,0.235621210403452,677.238616919691
22716.8087466904,197.175925854457,240.344544471432,59.799947159247,712.172067637899,0.136587538879562,823.517554731897
19909.6996989902,214.846116448781,206.91483293603,59.4897858370698,785.975315836511,0.173418774880978,728.437310989156
25055.3767364843,184.286977660615,242.12127940518,61.4189489380185,747.941866057668,0.420445164352683,855.657440017534
33970.5621345515,162.527097012217,208.172179916194,60.2102980914276,720.629153014829,0.243299885405481,717.689663426334
26427.2753462704,159.643881770936,195.161957723757,60.7475956476928,774.431548884358,0.340125422359461,678.117829282938
25327.2685469964,171.296456131942,243.551160996378,61.8006414358298,729.753533921519,0.506565322595319,868.004403413378
21612.3256479782,181.616844160937,218.604955548812,59.3644359259017,768.512858897984,0.340594012519656,735.337392936858
28488.4118866959,170.950778129588,238.470572266112,60.2151956966373,779.40669595974,0.432400647528117,816.495291022033
25497.7725084496,199.654643683534,231.13531006216,60.5975550492115,757.914517739729,0.2169566309874,805.11456835769
30777.7477433577,187.46248871192,204.255160956351,58.2914243832446,778.797156319688,0.334267151309842,669.076206999164
26495.3647529531,178.213108134024,236.72137656103,58.7861952569966,793.426297100567,0.429539142178146,783.484731166377
32887.4385415823,164.9661228055,197.697952123829,58.3516349908423,755.461100850738,0.228698944319413,651.408547788049
30945.7134700171,192.269729708892,220.177722377682,61.6903698819442,716.970427965304,0.398468549493357,782.916520896344
20311.8218915617,196.76987981831,207.993873903817,59.519255792024,771.112072789514,0.125267746582487,711.88160153024
20139.7009506155,204.534295405664,213.012553051468,60.2147282302078,741.451903291089,0.176712450605468,749.76941567516
18371.3069809674,219.581406943525,232.144781363723,61.338859996905,753.787630675629,0.196592196755485,877.266891850304
24246.4843159287,166.302294894623,228.673808586702,62.8420761700212,763.550830540005,0.51988353197129,834.508926722291
18855.4635909479,151.144402968481,216.537169739396,62.0514226159035,772.243973482947,0.486523900831322,775.295692444965
25408.8515028622,184.33829487028,197.489122987414,58.3110364277453,765.053998380283,0.334566427244356,647.366887590266
22063.3501973809,214.425550330055,197.281837899695,59.5504934946243,725.440340505728,0.150190987476154,683.962278898648
26164.7428251987,167.347904099269,229.528564615111,58.2657700344302,775.364030607959,0.349781223815656,752.983320336383
20542.0544314499,202.827618862115,242.471459374547,58.3331536108196,780.610835191908,0.153115335218386,810.170191558275
27113.6146815994,172.380115190141,236.870708800198,58.683523706243,704.259443148861,0.32813456617908,786.930861227698
34466.7368771986,177.129275189491,201.301243670136,59.6197965831783,732.378114245214,0.292304175710697,682.10375027744
28690.1905503604,216.233585299753,201.189551278995,59.1777999280067,797.99153141163,0.103778358560337,680.997418685419
27431.3706920773,181.902889207636,225.226182357599,59.8207546342347,719.56019833596,0.366802449517063,765.74196128862
31081.1212260731,200.432411839212,227.516539308708,62.1130252759328,720.317777142037,0.315445788316985,819.271448499507
18056.2925504931,187.905874075969,225.541307522425,61.97514767827,760.637104794682,0.182607747936133,822.723363104162
22769.6015499038,203.465218938878,238.882325421042,59.8100796652951,734.930370736384,0.11971915033141,822.817317283623
34823.3582776939,172.239959710295,206.897575859395,61.2625912757187,766.635119001937,0.372600615812656,726.794461952969
30930.1289101571,211.267428994815,203.914675808046,59.9418260313808,728.254260445304,0.206523460558185,698.377148613435
19502.6163949077,187.809171204287,240.59048795803,60.030370943904,743.059814930051,0.176923903590332,830.285388406044
23463.7146885229,171.747374211822,230.574116497804,61.3551033402124,799.705873469232,0.476132612453026,810.231060900225
25168.3615933617,152.753006533965,230.017184555285,60.0207342016218,738.047419994295,0.301115999295189,788.651416842818
33855.4642288602,150.996798500858,211.590037271901,60.7382101939316,709.566948894918,0.292855476939923,738.227402295489
27832.8398638718,175.066088688066,226.098550167504,58.6152895025201,774.836619857512,0.379359075638573,746.747382925745
19251.8830023978,165.167829057306,230.724496477053,60.6842811291135,760.162590095485,0.463248021820081,800.738275831468
26318.3027175373,153.851589401447,224.760003387362,61.657020336346,745.00544558898,0.399769205455509,830.032626901128
22862.9621780658,188.158611946193,231.24485402416,62.4589075980817,790.511703831493,0.238972405360287,841.86825001353
23742.9019373506,219.318018356697,224.315935709706,58.7626253030671,716.204457131795,0.141427439688669,760.426477646701
19783.0453299251,179.091754626293,244.022998515883,60.1498488299882,749.480063720096,0.33513023308496,838.612165337472
25580.3351390696,188.099523341928,219.222477569569,60.4563937216822,721.518791933134,0.353830502237094,757.470179162003
29127.3653065888,165.602538377644,195.746139018191,62.5257730033651,709.176257223457,0.344384484541644,710.799938559304
30538.6897498625,164.292960178732,203.549254733784,59.3208718188025,744.858496060204,0.257265700348579,685.489387762902
29666.88012306,173.157613691822,243.155940407187,58.8454752496721,794.521846667108,0.400568075644698,806.73629059949
29013.9538709013,208.134129807823,217.802346101699,58.7393259851367,772.764506602113,0.219545448335091,724.388139449755
32600.5813866791,217.122507384638,201.111946432045,58.7994151170509,725.718453878563,0.203663719025953,669.823828645372
23606.7279091,201.65415225177,203.079589237592,62.3854313887611,746.806893272175,0.137322251038177,745.240342037261
21578.1230428838,151.652179703459,196.746611169927,61.0654357166532,779.923585029087,0.376894300121528,688.609098410064
19486.9280119046,180.319564980523,206.638768113416,60.2018779301381,721.894558777319,0.251891565344388,712.825098015402
20661.1165836176,178.993491657601,244.296425157491,62.3463993241471,722.602555490585,0.415460801527359,885.819365140954
20381.9880008553,215.382298428835,210.975117815494,59.5138708172486,720.022203203896,0.15935155968245,741.034613248367
33361.0811393646,202.178766184729,207.823546692918,62.6562168243236,762.160860555483,0.269668305071326,760.192374834421
20962.4315262154,199.834288162344,227.938900141685,61.7279089520855,702.716048328473,0.16523122749092,827.14114496015
19543.8976765715,188.88818206646,228.272193758507,58.1209915330376,759.978417568705,0.184124702592111,752.244249974761
24646.2182568132,194.637358890034,243.373283433107,60.3562044717478,782.65243529354,0.270493819447924,841.486016512126
20740.7562758161,198.455483957745,230.906625491825,62.2042762876953,778.563357327888,0.208841346414555,848.66374053015
20059.1814509123,188.124103719936,200.547996809263,60.0698989841442,767.63842420175,0.163321585821421,691.396237177463
24075.8347557967,208.755141504096,244.224401137138,62.9402047204662,724.050209342732,0.21030005172756,915.369986279203
33475.1921331387,152.674179056367,231.776258825095,62.2157094819127,781.700006855637,0.363533892971161,835.518861829968
18485.1178361573,215.890058535798,208.270380862617,61.7023139893146,795.985524236777,0.195795577658954,789.060177873578
21418.3281194504,203.994255964932,208.378889053652,58.7192561362239,720.650740657128,0.111636373731151,701.07677855632
31788.7145015819,186.754329093487,243.001175482401,58.5983823997383,790.769131015386,0.414286124063623,801.055058641885
22147.6648053704,209.739376838143,204.931200692455,61.1769771986141,784.84073874428,0.19192441206096,739.281870762255
25181.0925822712,207.749373951206,206.77240473911,61.2822372837422,798.10108754595,0.155749038147357,738.48735112943
19586.8986516172,178.897431377972,212.870738147397,58.7661241988132,733.344904890851,0.296246787330123,708.082281047118
31214.9190241681,208.373055839839,228.570521670989,62.2791773936877,793.168129614443,0.14710604827956,830.796584038703
30272.9038339599,163.166613986782,216.083651462318,62.3929306501642,719.858144418253,0.389455187188439,784.190872176928
20020.5396957474,182.580567803119,210.195510871491,60.17012321375,719.208536112486,0.240188468133047,724.249014320834
34120.8607717214,166.347187888944,208.599250571522,60.9810308455159,711.899689848555,0.286190203212811,732.541319735642
27944.5809067776,158.604136185953,201.488536024279,60.5582177604443,743.378741070708,0.298981256213633,698.520337489387
31307.5729923704,212.513875953956,222.010273077721,58.2050414280223,701.145562089118,0.250706357059499,729.995837207276
30618.2794648953,175.684106793624,208.788489822511,58.4944351175301,738.737019267406,0.283089126216907,690.452787474602
26601.6520560082,197.493322140417,211.28777133863,61.8477378434115,763.403098670797,0.223944425487609,758.283488591749
30344.7693122205,176.197925333273,195.488579388269,60.4711016471072,708.455778562578,0.318995409291858,676.107855102856
21994.3218487288,187.64752710003,221.243364104235,61.0095308996751,781.967039704169,0.248653896197012,777.551634727546
18317.4926438807,174.794075747618,229.126102616878,61.0267770784165,730.755079575849,0.310389353993217,806.126707812473
23797.0502915554,201.917574800875,241.304047855614,59.9982797962013,704.734187992873,0.176690717044365,831.998986401871
20447.4846954094,204.707296710874,205.141928689401,58.1676950647404,738.308592858143,0.127137261289777,684.629124853328
34725.6864718055,179.821654873808,240.899008181783,61.8897025731882,715.41575245458,0.450737729424621,861.34440073238
33587.9006892986,209.657675841734,212.978550062859,60.3784018629564,779.563300522929,0.229196680518053,735.573057999506
20300.3615340166,175.122696639165,234.406444293853,58.7240577804415,734.495712614482,0.392013329060394,777.76870265613
23832.4002868002,203.22634562987,239.522968774158,58.1241957592326,713.032551539666,0.190965669206541,790.893096095129
26322.0996952154,194.936510675704,243.057549633094,58.1045498927558,745.847564321186,0.404341643270208,797.591460242436
24622.8623661864,181.560204444419,210.813684641367,58.1852796014305,745.542474924326,0.349300445176649,690.017330974202
29715.625925594,212.058101446087,208.296741216893,58.8015893615069,729.28642517154,0.209052812584613,694.456865997471
26213.4036494679,189.677238925475,216.506882154078,59.176391783544,733.770715805969,0.347463685245354,726.07213827963
27442.4759609153,208.427966778554,222.566107461415,59.264481552739,777.062005931334,0.170507039611626,751.631660161853
29268.886013623,201.135656482938,228.777239030445,61.1334803913068,764.894576156436,0.286846738196207,805.841728105716
18362.4068773694,186.956264229177,228.898927824514,59.2413995030387,723.647265339415,0.129984226973925,777.705186792764
18195.0738232992,172.932861775407,200.95156683615,61.3520174948345,794.655818084948,0.278857155607009,710.742349860675
20908.5160022637,216.475510836036,225.272800536387,62.1217237954173,731.843480377877,0.209485202239052,848.50210897759
30016.8267365709,153.9963335959,203.774096221492,60.0240220824506,753.977584682921,0.251516540717556,698.271334926964
22062.5555371325,212.505199069445,229.960455091386,61.5473075510968,758.144362781963,0.221754464554006,840.332312720713
33494.8787822674,185.122437674867,243.634736087005,58.5823703472923,723.473247679448,0.340379824246791,806.165306960692
19283.7593035409,202.337879971052,232.795058776743,59.6625187843349,730.544686793672,0.189854955997803,811.234077264249
27682.2481327934,173.493397065305,229.103100303713,61.3751807175587,748.361885576425,0.440918976674634,807.748093086705
18382.8506944698,176.750057874763,198.929949342731,62.6810171106691,727.945721035387,0.227415584050172,731.983597200493
34541.3679889755,163.245016176157,204.492935537363,61.0493880652731,732.028489858011,0.298535559492526,718.862063116674
21563.2048115561,216.798579126442,212.76392311945,59.9019189680206,762.478971260323,0.177097321139918,749.694886241791
27874.6542664863,153.082039962713,241.630417126779,59.5938986880437,774.103961493171,0.317022578774885,819.23575635763
34215.2394612242,176.873637648088,211.229165953391,60.0565346109532,780.028509636636,0.370484182666935,721.137471944154
18472.5829854043,173.582848066555,235.105093255932,61.2256674258295,713.59645296167,0.333721115081183,830.055659652224
26433.827477245,206.871112442276,200.193301948153,59.6564822266883,774.372829281162,0.139700308371895,682.818362713134
26721.6224262753,184.576056481376,227.630867048892,60.3851115650546,793.513752250895,0.420735122164896,781.990963699097
23946.2573632215,161.974427901565,233.359184914128,61.7343677249607,758.983132462075,0.470768878527582,830.63240334657
28953.9374472777,185.398771659956,221.811844108671,59.2099333896016,761.869571174849,0.388649919887488,742.464910882373
27050.4357944978,166.522271800266,232.600910405408,61.5384917357399,795.793917114877,0.485186879001509,821.868507313854
22230.8200126056,151.368959722626,230.610049192635,61.7450301661767,786.328733882434,0.455947998956503,820.924870204397
29806.4414840301,187.71948199206,218.203281553616,62.3278714636791,756.741704163583,0.413203561777405,786.889891178797
25656.5098774304,175.352553861095,237.831191546514,58.1399869664814,776.886317383358,0.387820504678624,778.048245066583
25757.9931954252,166.611719680034,211.948872895054,58.6110619873862,719.96794945261,0.284145023319174,702.703420957345
34202.9075009345,162.219333824885,215.868326698084,62.783865519315,741.762319653056,0.382461211747408,788.880494965927
26852.337509116,181.334301198593,221.584770949231,58.6755790849688,772.034424576021,0.382329464472394,732.568466940713
30985.1856751564,210.580678156932,201.789042607695,60.4668681978532,730.150509340688,0.196274367673351,699.900558601349
32538.4248478959,202.981134908007,220.701112653676,58.851890640326,745.885760423908,0.33402815028054,733.813327270851
27708.7993322148,150.396984740363,210.660409548873,62.0692082306869,718.842492702741,0.315877644015364,759.449156197053
31008.3146011401,200.951385295932,208.126772890457,58.53938459348,789.456627169085,0.302707906059447,686.385097454909
23201.4029480163,155.301308645798,223.69485276498,58.4624451555317,789.267514406144,0.332165603771254,737.625860655905
20981.4514607464,187.791451120591,211.102555962658,60.5334295227388,748.116021994035,0.208509925789858,734.522518269424
29676.5701531506,204.261111572479,237.361571458841,59.2109681180618,721.560284589367,0.322641480597814,796.977323324892
33628.4150677342,181.287374456134,214.994648106735,61.2853705398623,768.650025464893,0.434425874913921,754.29499990914
18654.2906833053,176.329757104921,215.265244289052,61.3832556327957,723.435793916216,0.266334714563477,763.633250832431
30599.1734228804,215.823204711933,243.975779282251,60.8833978292212,725.022597436875,0.172683151978555,859.453139702666
18438.0019050879,152.119126759388,211.876013018219,62.1794197661938,797.364787159509,0.519373673527524,760.597623124478
25565.8790557648,157.403074814505,201.874450519818,61.4656496735348,710.892689151868,0.32469179469539,716.398570357233
29258.0996987758,210.683196807072,238.342314764646,58.9478615541995,738.684658771315,0.231775207841287,798.088921590328
24689.6005921145,211.742024430747,240.702516623897,58.4338902318851,756.234667660626,0.148807501752074,805.157756269327
23034.5440971512,176.074994297239,206.674187013172,61.6761487373191,712.083627001515,0.399615213432488,735.088716717603
21052.4616297788,187.296953819774,238.626076610498,61.6455391584416,704.364089641831,0.251091680507724,854.344379198595
34626.2270895144,161.370501438768,219.290300465261,62.2463359468525,754.770373059751,0.340397289671244,791.15880624083
27524.4900660486,211.727402637269,197.422129752821,59.0358337148455,712.764205454685,0.151833372356589,663.983592753945
20009.1185310028,182.54636186001,222.217471418516,59.1469629389803,727.324381513032,0.259227771555596,746.259018902012
18706.230682061,188.836745263266,236.929795933658,60.8510393680598,750.052226935676,0.150189905238444,837.921476922529
22117.6099359431,158.078214217614,214.450039000284,58.8099070556827,735.973967243671,0.325516046534075,713.658400811846
26950.0512595441,192.925617525009,222.296654757729,59.5019775705906,771.219822953142,0.345447556299507,749.45374371161
30438.0756191566,198.159581494845,202.284060920573,62.0751978176044,796.535085346877,0.246787397520435,727.191697975654
34711.546247503,170.807286578022,236.476867268381,59.7010119557849,775.797061990258,0.363412036453572,801.764785152235
31924.8600798589,212.605103310368,200.377507206568,58.066361229179,799.95922498332,0.203687391396095,654.749452405827
28286.774274325,164.163748955782,199.665416043199,61.2136950690866,739.507177430482,0.344595546974084,702.622075770066
29108.8263384058,212.847586166824,241.653355648991,58.9299999266251,731.957456834385,0.209790420651236,808.990655557664
26646.7322122861,198.732154784761,238.145210308923,58.9938510014134,723.309917172492,0.317995266193509,795.893860580909
25105.7258413888,207.86347796827,223.484196946562,58.0971400437895,788.236569560262,0.13958635054783,735.791918254355
30997.0893507128,198.603460345854,200.360050004439,60.8603546674654,739.571259424695,0.323084547032853,699.04767812173
20899.2284063467,179.612625283942,221.955427887416,60.7889661894451,771.309253662745,0.335235155574644,773.040107349901
23644.1676244944,173.248881706604,241.019275097321,58.5369199777944,768.118728592074,0.42161032135987,794.48033786955
34657.422835538,201.260865691445,225.284278713879,58.2737203767147,706.002071854034,0.331065557855242,740.211589472974
27532.4076675961,171.066576882325,205.259739376742,60.479085705147,787.516115307131,0.405258583206243,706.886987025399
26172.0805240956,154.250388097241,240.147894407057,61.8613498890489,749.021966160163,0.413279470357574,858.537684197155
32232.7678339007,167.09351821283,237.816735200712,62.7756856224971,724.400230210882,0.47544640326207,870.932235799816
30584.9965768267,202.740229278818,222.069814048822,58.4237269275447,798.073272747277,0.300336797753638,729.766416318131
23448.6113640457,205.16517914345,237.100010200548,61.5027126151303,775.701651904946,0.180590256983961,853.652995761227
28540.9631070783,169.726650012852,197.975235007024,58.9718579356108,762.799392782418,0.303516601710629,660.744314920021
21020.812011928,173.129667045652,217.543689192299,58.1941848384997,799.072496102275,0.413515802007386,711.464231415041
18818.9942206827,187.851769243786,204.179786981132,59.7055561355587,776.18555082139,0.119527590083374,700.106656376524
34883.4288887471,168.570228584167,236.154588431828,60.8430415299593,713.530218284945,0.404199515492455,815.979407134477
30277.3685797528,192.397524489689,243.426602413854,60.9375585174103,799.295603656131,0.405254442492655,848.459429157416
33795.4860700141,169.978960019586,241.546770716659,58.2684290181775,761.186789153744,0.28249027546546,793.604851021631
31907.5597832313,158.329273271578,220.008310099048,62.6535654158535,731.621517443605,0.360708930032844,803.182532002538
25038.1880421272,160.51832382147,220.494852855454,58.2985278802769,781.913933952661,0.321889216008116,724.544258669296
32451.2829315615,167.59949805853,240.258558514779,59.1140966925547,704.954483493509,0.265957892277369,807.557298871458
31037.9004988449,161.789524320712,230.503195559842,60.2565376030502,766.238412275867,0.348890281361615,793.00857902618
22347.3556004182,218.401272620103,198.747968892717,62.7418003660207,717.610228546298,0.190236633928913,757.552428953623
28509.1287746573,195.455943017668,201.584075146766,62.9635077959478,709.798773032655,0.302376797884865,742.212791347165
23123.2412399814,162.710600394774,242.586559862941,58.0003993964235,736.505308980625,0.344993593119405,792.649067407331
21905.9580582434,179.171984100569,213.145610081336,59.1509162871697,736.67026243449,0.359077492442219,713.556213323446
19343.5721116767,169.298717174407,204.719061088261,60.5263185454852,761.557712656269,0.393610535394002,707.550628214275
27058.7986435646,197.518768297367,231.186987473392,61.4573409275754,757.68724012433,0.265498429401157,820.375001749874
24550.8030729422,210.297166477624,238.478487697566,61.2443808548062,769.581349440534,0.185988486041248,854.241741813243
19462.7795460262,177.889436139525,205.683120458558,59.2853874614147,719.045145513207,0.290713015005619,692.522960091614
30026.6978925223,179.690252131584,207.899313775004,59.0065094733978,786.546056411804,0.364090639411437,691.999683428542
30054.0185872301,177.660880466876,239.796845118029,58.0852860860837,785.208676910813,0.422243571799652,782.860049620836
21941.4175276776,180.922756313191,195.802933457817,62.2068932355502,723.885150270383,0.314372136364409,706.973256332332
34281.7632961944,152.597654178299,240.208684206215,59.9935606963514,747.682368153471,0.314062339801584,822.802503790213
30863.5357780628,190.921909280531,197.274548428883,62.3350906545226,749.27347013498,0.357878444576511,711.613719257247
31407.5051651587,216.519523712009,199.735096353079,59.6361078757911,791.816466289493,0.124760813896055,680.718356257241
18034.1701652734,204.577209578982,237.695785580664,61.7194776966061,790.347667946908,0.236809965085697,886.167792178288
34651.2044203033,209.783076332685,207.677001825105,58.3794261316611,707.371288552052,0.288581740725986,683.46936451201
34900.5175644734,165.992149230184,206.496939508357,62.0621057831157,796.169496941144,0.416300337453296,738.520159920576
26305.8122469998,192.489575479099,236.623075628198,62.4699469260126,707.557480871581,0.351957742834778,864.058633246958
34782.4992025361,212.353432344249,221.783879829114,59.3532689326933,755.392267999608,0.279037396054568,742.594491127388
28302.2063402839,154.958389114248,212.505181365949,58.7430422892579,732.727485786045,0.35265570586063,701.142591715391
20087.4498384587,211.316954767541,230.193154727974,58.9954493566545,739.626289544157,0.17556856704929,793.466743428133
31619.1261725373,154.579758095127,234.817466474683,62.3673156913711,763.507622263932,0.383359753142744,849.793611402762
27242.1658721969,218.940987542277,237.716080259087,59.4526443364271,759.48187617407,0.135480323216474,812.639076725138
23813.733414701,156.156521136845,200.980854790474,59.173453833078,718.195947891183,0.484463647656076,672.901875394907
21973.3012772241,175.713832213738,224.01845023698,62.8947791298151,797.169937307363,0.405454920727472,819.791339422402
26591.2821889935,153.985352002602,228.522796211136,61.3347877801491,702.666902255571,0.31981626091094,809.704266868514
29589.5056278875,154.038135711018,200.917270709805,62.1687254979222,735.470879970059,0.31118633509205,725.366086293934
32705.985367949,210.210618172811,225.200849170817,61.6743892648797,780.075506359539,0.17704292335496,805.023957986314
28092.6439256575,154.382857849501,196.864136563118,59.9569022650856,784.739343164023,0.27450807273836,672.181059889329
24862.9519458694,205.024558190715,211.911000538364,62.3249705816686,779.873068625947,0.152359706681894,777.597770146596
28636.2842647369,213.489891575704,203.880942438281,60.8912941409619,737.948195646473,0.117987234069974,719.248766246233
26121.5093010089,215.373826028816,222.861036793065,61.2522835175824,768.071662873895,0.177282634675535,798.959774025048
28918.6937804836,210.101486965801,204.883578807283,59.6523080930713,776.625545219936,0.159301084635015,698.30628910245
28256.3172933538,216.848932890171,233.827991278369,62.9196033833034,758.702368753217,0.210922370449641,875.470470445358
34662.5493643671,153.791709554957,201.16567595877,62.284973354588,768.634002322078,0.304457408137671,727.260024275539
28490.9062707158,219.818673512608,232.197213018561,58.7697412493063,756.048912181509,0.108901962909585,778.628443839137
29564.9024678634,151.627275043391,199.922638446138,59.0435141438684,705.71199417484,0.259008338617096,670.125661859856
33027.6282956469,161.551319286003,216.655433829578,61.679358246818,729.141616435587,0.31044802542941,773.083359660648
33380.3832463994,155.927295557199,229.333626958303,58.1423279454259,770.422776772838,0.281346529827932,753.404980281503
20222.1241401926,202.032112256009,203.385838100906,59.7121612912077,726.48925831411,0.146089592016549,703.996722712082
25475.9285123956,156.380884859856,231.851750057153,60.6523921437167,746.023028640669,0.363656582807882,804.900686955839
34010.9406122727,170.614805328657,242.684328901168,59.0455576050277,754.170949867409,0.315878824360926,812.714105556004
34354.8846968449,194.171732548405,213.323807961096,62.3885962809579,767.86691454438,0.39076821038235,769.670549509191
21123.9105053431,184.077944388506,195.013283687316,62.4663146656172,728.081350110685,0.21485805234413,710.493876418371
25252.2087612952,159.275695929152,218.194627743672,62.7953168266869,760.896944805758,0.309773223416035,796.598940288922
22695.0792994357,186.236325500751,239.984467484968,58.7598008658164,761.070154876509,0.360457690586543,797.597095172806
31117.3100153492,174.104942718826,227.820307680482,58.4374070783078,784.256774051933,0.356384770728818,750.451777917347
32289.5398316776,190.438465659017,229.608875320506,60.7689397697915,755.773727655889,0.418382745368411,797.921582223662
25732.9316064649,187.191691268082,233.977916763266,61.9443399519679,731.137487538451,0.392988644811265,838.662438733289
29221.4562730396,219.382502094385,240.248070827717,59.471310454768,752.779326651131,0.115332916254077,817.588066125186
32605.3706270371,210.067326876958,201.468525627826,59.235241425678,711.972987688704,0.265921296650282,682.399203299501
29835.7308803662,150.333522142658,224.358162634398,60.5913843534105,762.245616853315,0.310687016190058,779.234687491749
20511.3678098518,162.452225897966,239.032219627953,60.4370720031657,791.371595728364,0.501559203637697,822.617599500062
29880.352932192,213.945649140863,233.110330085104,60.4230054183907,753.644535084973,0.154465065172768,809.524676493425
20553.9045971058,187.225557357543,207.746522612384,60.1140280197932,730.691107208712,0.210812949920948,716.558917289672
28944.733028735,203.088826424398,238.243934144185,61.5906123856301,740.930348643673,0.25258914060523,849.507392490845
23619.4451156938,184.764127533483,209.627316247933,61.0396465207574,789.910032569498,0.315724807521757,733.748064985345
18887.5523524685,204.612065220175,215.029519220861,60.4641571084944,781.45880993188,0.196603595939415,768.914603584752
21779.958246281,159.106419123367,204.551249431023,61.5624434881936,780.435868626465,0.443220000920751,723.726566964198
25716.7728181811,201.554941331992,238.864773125547,59.339411417712,757.423101902684,0.236626623225636,806.8381451127
34926.1011273457,210.537843987156,199.53901098516,62.4733824637395,740.09531549992,0.188363110860615,726.784469817439
22312.3499163998,168.993991453722,244.743528373963,60.0192671380795,714.750114676384,0.462449162644703,836.960558290872
34682.4395443817,175.727665676718,210.961886723319,59.6596519775799,797.717302395427,0.37948251602059,710.525174834672
24110.1215301875,190.79776161062,229.929253728069,60.6923594011655,719.838790337935,0.30655995588249,800.418456946616
34373.4124757072,210.391546915553,201.668807978028,59.3759931121982,727.355014670402,0.274348040613571,679.490946927367
34292.2016451257,213.629876617051,218.82148406694,59.369807272347,776.582512357675,0.231312930945193,738.305574040555
20270.6729105764,187.07171485151,197.306236732571,58.4305030004297,736.136237407875,0.211853711553909,658.035610621156
31874.3270486724,195.426010743529,238.432665026633,61.2241070451273,759.535128338324,0.40507380173341,837.15388895115
26534.914657347,210.939118363799,216.87926948569,62.561737639247,776.52569856848,0.188508465099181,802.301367197973
29466.6309654739,166.249271175198,231.506211547057,61.3884380094893,756.54832731208,0.426537516091894,817.012438195538
30815.1013726254,207.415526349693,239.239517580683,60.8161084531062,749.617427393538,0.264197968514405,836.348759863242
19933.7154635762,168.523781986558,198.521080120049,61.5225310295142,705.202612055591,0.389671154108772,704.94219839448
31316.0679024538,190.187248841307,220.532136964811,62.8398719066295,749.209223305404,0.411225714390496,805.90303237298
23099.3404488488,215.318689063416,204.778039941004,59.7178715752064,745.959446315736,0.157783478034444,710.766845078655
30219.557756309,185.501868609437,198.5461798272,60.2510013196505,787.561297090933,0.363736632904357,678.612308166445
27575.7277248579,156.759175851209,225.837033380185,59.4552934510989,745.282161948621,0.282771197774833,763.795290437309
29431.0261396733,212.565194206042,200.716778531815,58.0982652191463,764.040478423166,0.183085402519295,659.150966630988
28498.4918434238,190.370184155331,219.187013448709,59.7930941257418,777.534282462552,0.38319395820095,742.78296253898
31538.0142857459,155.076071692481,205.124216819907,58.3955332513508,747.14136025328,0.242265934680042,676.92286196432
33047.0520666129,150.826971366696,205.216161919006,62.2949621129647,728.107453263215,0.286914789944132,743.296194491379
25368.8517073998,168.418717905465,220.987894326568,61.5354042749078,789.078948474531,0.472867205991879,780.006829673901
24544.7442473557,158.24628681434,222.646228254305,59.540801566642,789.209401519114,0.369759662535827,751.689637002117
22097.0383719781,193.663544009852,195.189812785423,59.6651315415875,789.73548463365,0.163872897606096,665.487532716037
31590.4543446435,191.218252831301,219.745599405591,60.8246670194529,729.092812390539,0.412093153325206,765.424245165279
34474.9901985997,208.514642332466,228.044608568529,61.9801960619511,733.006470889373,0.270434115907018,819.739972874585
21199.361607357,185.665972886603,228.525558400338,61.5478638067436,791.610054132561,0.238371172138463,814.218033273205
25535.6499006815,167.834344302129,236.984954751913,58.1619341682912,714.322193172609,0.316422239422936,778.040483537005
30732.6861741549,153.735222841917,239.340264595157,61.8846898247153,766.393836257723,0.345040191995261,856.193338441009
28681.706656063,150.782380087623,225.936968086845,62.4334284717802,730.733183131409,0.347992100473876,821.2672005843
31643.3492297755,214.536117447242,218.46542335376,58.4833101084258,772.647122626506,0.190916035980359,720.384042624291
18230.3062032202,159.710980762755,205.55995406958,61.7957227050605,783.355090025976,0.46983651912412,730.689101313277
33337.4025620684,184.20990590046,201.574988011964,59.2878861107143,741.137987016359,0.274443082803967,682.007422303088
18964.115263473,205.32814158828,225.16909697046,58.8936082323814,716.823836237709,0.165014660734525,774.175633599494
25289.3824144988,214.856413501036,242.350277024199,60.7042901027198,773.902907122751,0.19252359419835,857.669830658351
22659.9076977522,163.839186250427,209.022191398471,60.755357336103,705.81884387641,0.376298484168437,727.710272684972
33691.994969704,166.337208399702,199.973026744545,60.3939165200678,701.318847490609,0.248695144393921,692.59614835411
22626.3161855974,162.745829607592,215.737670891508,62.5164134721384,787.358357648759,0.489805908949114,780.055830710121
24336.535069478,161.049253680369,195.067729230829,59.2437687924121,781.765328917989,0.327384328924465,654.868553026905
32929.1059545,181.474453171747,222.461655291436,60.9529111127929,759.125711912453,0.430498657563699,775.72986408631
26923.1322042021,194.008006893536,197.575981850117,60.1375730543033,767.443890531337,0.24273912411098,675.920878204856
33121.5745572823,199.169411096864,241.571845817251,62.3970722516921,795.325166727008,0.324175107154995,874.961665659006
29016.5451195109,173.096693354796,238.03900062737,58.7096946391817,706.640902778194,0.312244422154526,791.368981883343
19300.8686013734,193.483737086035,200.75602970638,58.4492804679695,723.925407350005,0.0975504308704296,670.283513255343
25121.5818047759,150.186609430502,202.620981479399,62.9752393862594,773.498902567999,0.405177224636838,743.050598584711
20867.4513558969,212.015412970764,242.707197400488,60.8536796922306,728.532375275694,0.208420312846208,876.267485913089
19065.421081262,210.613954934143,235.089994984017,62.5524858534753,722.847235215727,0.221777551478561,899.414135097725
24354.9816812279,187.623246837804,242.009479849328,60.1360452014355,744.84271892826,0.365026672630963,829.319961057865
33292.6459687274,166.935292549784,211.536859670175,60.9686276038933,772.965254780641,0.369077818737689,739.860183385679
19803.8500982348,218.124417307604,200.588736104536,61.447300424073,723.051184574572,0.170463254371264,749.140132891918
18078.8832627954,206.657977749287,225.463024135849,62.9371275903218,743.521763528731,0.225371491402492,872.636859461014
33886.2544352698,151.354896848444,243.296318862938,58.6072674185603,752.391525040883,0.340435278655953,806.214386300945
26763.5802169876,182.600566222324,201.739145419493,58.6711971124777,718.781177265333,0.321067138728318,668.240689711447
27275.8938376603,157.125504948273,235.381173173074,60.618672546003,748.038282174281,0.395680208820133,816.834512574744
33708.2597330258,159.070417172988,212.877583708107,58.3013496505145,785.847607988677,0.226052255231307,697.21140727594
29737.7623715492,150.155012859379,200.834332845864,61.5963725585669,775.154346671392,0.300530802304604,713.751088652414
31849.0980297033,197.735377718468,217.429317360612,62.9610488791157,750.772892382427,0.321625746294082,799.591919206017
30743.6691124365,167.766548796157,218.937311007714,62.0583446103822,714.192556072119,0.390590032571589,787.000029355132
28284.4502897013,171.550943278503,195.544595905527,59.3575905447451,701.962713875519,0.270912315011052,659.109755305856
29499.951911023,153.385935547323,218.081901260284,61.9911371669556,707.291435729538,0.30567651144784,785.173027186425
27335.020738158,150.656023621292,226.957453771445,61.1168357784261,775.589673879316,0.363794361248429,797.559073646647
23994.2197236424,205.075356755707,232.574818243733,58.6350634983568,770.619922494173,0.141843226736797,775.912501510645
22811.763485206,195.670377714157,199.888012714341,60.8047355929121,775.128677072876,0.14542119690944,701.269746931774
20849.4376550904,176.661166284905,238.301581446972,62.4892183446302,732.255263655258,0.409040749880829,866.155730154439
23973.4568433537,155.015448672442,203.725391047622,59.46774393852,710.070164538994,0.212491062249577,689.932833007097
27622.2660321788,204.151039554208,227.563576973325,61.2576403353249,771.790877664084,0.180991457934484,805.77986698813
27866.2284723075,214.644518568019,222.381955295127,58.2333874843554,791.876264696713,0.140308995029082,734.479276202209
29392.3186745517,186.572079033824,238.524558903067,62.1774634464585,745.563663349509,0.465495972724483,857.753194388882
32751.5003110114,159.490073346536,197.193297876398,59.051393571723,776.669994447303,0.230306226018491,661.826651289622
28912.9603803981,195.142487106392,204.906955864079,60.9851681133182,773.383939845952,0.312832743421125,716.28455172339
20771.6194032062,155.204073837503,201.258675088611,60.6227757503633,784.88067820482,0.380938281396969,695.314576085978
18394.5026269856,161.503201925215,210.90848581997,60.7277655615555,702.616718858964,0.384196104321862,734.361293882508
21220.7195633566,182.659694328015,211.807587619512,59.2992653696738,795.724050286856,0.300414830310052,711.799558059092
33288.2414749953,167.45930348747,199.364266408084,60.7829379618588,785.796312225643,0.357421935233544,692.98873798143
27479.4975266685,214.966561125242,220.626552661252,60.9558192193762,787.322566537022,0.163946956429946,782.051215467373
32181.2434288185,206.438630797741,200.890846341742,60.2227657374735,799.577260809154,0.215030421083311,691.075016662918
21925.1002900868,169.782589138026,198.702447821572,61.1409052146853,764.909253454383,0.392529691849153,695.573737807849
29844.1599261609,217.385918157994,196.898492596888,58.974062119802,708.844383221002,0.157232995367945,661.105659969951
30211.8746660902,176.399376498489,241.37877025733,60.5709139958067,782.349948070547,0.468317731736644,833.161120009944
31502.0182087216,189.196015366561,214.517417894862,61.5416054002588,714.858961839654,0.392500719118274,759.696569826045
26879.7972720074,188.804192774956,209.183505973148,59.917493759581,774.589438606761,0.376559987849845,712.101824796953
31170.7816268019,194.897049353104,218.49862551372,60.1504580777461,742.748424056708,0.364779997313845,748.180515590907
33896.3416088042,166.97059274489,203.197998830534,58.8403765816118,700.638949365157,0.315426504711797,682.541329448758
34335.1978570113,214.307626800342,214.848575235417,61.0531298055024,744.255699418286,0.214828383829381,756.697597003305
19971.9847937533,169.015670392315,204.83787750813,58.6619312600825,779.791442060822,0.381388490474025,677.13200093326
28530.1825274926,196.020048176527,209.964595223046,60.5246602694311,709.734000652765,0.317275231848998,727.099281619098
19769.3442195966,203.488102204508,241.142021132077,59.0770751600264,700.219470530527,0.162516174533393,825.599794678129
33559.972013548,211.589961068805,202.788851083569,58.981247539607,745.74102714184,0.255500932205058,676.768152633261
34254.2120449227,181.591812121704,218.067160502981,58.5268393520144,700.067742622805,0.262078267393861,722.07578200743
26185.2385269956,199.595236088688,227.5782128917,59.8478042090047,793.31466637375,0.223553468847096,777.006012074402
34369.7560437769,156.258280512601,240.81092991496,62.3561390732714,782.588447616858,0.4055129364938,870.493908535584
30660.1639252009,204.245865774201,241.092244457586,60.9713745923643,764.095188260701,0.300862255485117,844.804064638015
29681.3774182802,202.770602174853,207.613632840098,61.8428210232253,701.529901546428,0.258117222548652,743.984858897025
27717.3029706241,178.247386815554,242.178321163618,58.6147973157748,758.015068821048,0.400579554198182,800.258077697771
24709.5343680115,172.04579825004,211.264771959111,59.5878225469515,767.909324531131,0.388299528580474,713.354844611355
34432.5681948091,176.543441961483,239.264320676239,60.0454946716155,759.898166064733,0.382974679987505,818.552517868716
21228.5911060281,156.727242106768,199.566557579469,62.3082822874188,794.47317140467,0.456981660771025,718.039321528552
31356.4055209533,194.067717034491,205.293488352449,61.3122225065097,783.187132181357,0.343887653732041,722.478642779814
24209.88501432,213.928268896788,199.013206154892,60.4773690166758,737.329195940133,0.14680667236009,700.538609921092
30461.7235824099,196.113980842821,209.806585299807,59.5220847229081,769.873562279118,0.337060010188867,707.444828551524
20629.7700800769,190.116033710072,238.190800604025,61.7368242532652,746.71323751268,0.163570421009475,857.85662182424
24327.8958174972,219.538145650468,203.269330351095,62.4559594147196,792.698009923136,0.212021847021113,764.84752809412
34051.5847783317,187.433824471933,206.533499971815,60.6747991571078,762.891481271141,0.388391179454281,714.92948169095
27232.4337892838,174.582679360472,206.079786004636,58.2420423981821,759.219182579109,0.315572293187074,675.537742778105
26049.4041723058,198.975496738339,208.899454826992,59.3944989573919,750.477957096465,0.24678449820507,705.148977335664
30445.1877211248,186.221085392812,196.159189582445,61.6708232437236,738.539505837952,0.375215881198977,696.840853507201
24884.751910194,218.079649313244,215.702476832713,60.0441345703172,716.446750819396,0.149937167503732,751.645272805308
26078.5473778072,212.866361331139,243.622789778741,61.1043118605587,729.154260779169,0.146438607974656,867.108665983914
27320.2279599621,216.173903277232,216.977518544566,60.6299272731839,734.231854533864,0.123305092211981,762.532725361489
34894.852003063,150.053326662229,235.072056031605,62.5397641186703,717.079472193197,0.348050010099591,856.033981408666
31420.4058810386,173.541558577044,223.325079182831,59.5586256794827,781.447544380585,0.378256803489321,753.483686376939
18636.445392398,193.610661546265,195.912206181371,60.2959166328199,700.263071037512,0.13999641794629,687.584165367863
30964.691651647,171.714560289135,224.056750522047,58.3631443662151,791.300391358617,0.329447928544554,736.278171050855
26210.0352837658,195.385533734818,242.348430498428,62.0212562837549,714.6510849481,0.287890253493568,871.343004273858
21836.1583409143,199.918891847574,222.447438092632,59.6493274424019,705.284439579111,0.121773845318978,762.812732542892
32314.0823968051,193.441242561022,221.075917463075,61.5667688873209,799.451942824851,0.380144839816914,781.749194706164
22541.7039534767,181.649585486498,228.050286571649,58.0183729288857,799.929617192539,0.376223412102436,742.426973926246
23354.3606938332,198.297076764026,238.068071562889,62.3589340091843,721.480637839411,0.150962074311098,871.377548162631
19006.8924980138,204.309929252338,223.066451998924,62.8671040555569,714.808417499649,0.21970014271421,851.420082766872
34618.9072717319,198.252314720103,214.899750591426,60.3849902862663,722.210410222223,0.358983614780971,740.510655052232
31226.3858106087,206.727409400664,197.126099614389,60.4418500105182,751.726255260742,0.213042157881242,684.814872085474
20356.8149251655,216.203152808924,200.602058882359,61.0506111009327,733.627628801242,0.172689912152876,735.427182640706
26004.3678317857,157.163817563428,227.147101146,62.8833381733002,734.801577607818,0.443861075093461,832.311838880542
23701.3651520836,213.38372384228,225.715873480428,60.7822560399789,780.979574191986,0.198296971552298,803.421322405014
18520.3375276346,169.577178251821,207.175833637469,58.4188895784813,788.706913966472,0.375780845209927,694.110806603469
33667.537320694,188.764741138383,230.421855282738,60.7996384729209,797.212677694792,0.44964703806626,799.025871258122
32037.8657342808,215.939016173023,209.053156692194,60.1863176587676,751.994653758598,0.160052648388216,721.510474380163
34820.7620965065,193.262348548397,209.994957596372,61.7422232947639,726.892050956174,0.393559725781686,746.509928834468
22108.2876815534,156.207213739595,198.148291785091,59.5333013876701,756.298125773129,0.329696217675536,669.695733528411
29707.9811969169,184.262411896901,222.271445539545,62.6210400827963,786.598241639546,0.425846969777087,805.710202217945
19818.8992136719,212.408871113531,209.332253290279,61.9968524612288,703.219777416244,0.185142386751199,786.150042407318
25083.5393955538,178.40526985949,235.421567445247,59.652518941886,790.846149803618,0.440483330407805,796.050945795663
32168.3747853554,208.931613840965,234.399906503237,59.8185283996588,724.843190334023,0.291406649636295,799.33293819808
18086.4804403304,205.228389757266,201.605607663167,60.594328151659,732.687782902665,0.169570365667843,729.691847935158
25890.774595415,213.393931227366,203.308612473251,58.5591056377765,737.22233392437,0.109709009883345,677.932351650907
25114.0606145367,168.691073762442,210.478046166684,61.4152095894914,791.088552755798,0.447939954881493,740.868068494877
29546.9794801331,183.908514025984,223.88555791962,60.9919920148805,719.330204536732,0.412380815591542,782.760564274927
22005.1541896606,173.715407986288,211.998860685882,59.6094905797198,724.38233307683,0.377944437543863,716.531025532495
20814.945110911,187.056687148829,212.499460380684,61.1585735901772,773.680184890436,0.199607525743758,752.283373593394
28879.274251345,151.519963551134,202.205367340612,58.5541696550455,793.203548635257,0.244783900426278,669.30227760445
28760.3293232335,166.734504619879,211.602751877879,62.7667395337637,711.551515071779,0.405957239336377,772.681277423864
30428.9125219008,218.280425590997,217.829992779327,58.3739742250002,752.746376349041,0.161575331635378,720.426470422896
22188.5224388333,191.989562646316,244.140649078098,59.6729222059174,791.244474108446,0.232549608609812,831.55467664508
18241.4507627954,162.349236927237,236.208448255721,62.8603974707723,788.297265925617,0.519549370355488,862.667322786732
32733.8248237952,185.341996400422,234.048055087766,60.0783353308779,794.730617921653,0.445145594581333,797.672992796697
21394.6466018044,198.330452458685,222.757044084361,62.4435567586022,790.007443915846,0.196171534581465,821.98896608423
24890.6280623917,192.012787896451,212.943760244369,58.7774609257824,732.91000848695,0.309869697963425,707.660058735024
25726.1608443057,184.648477487463,237.451642323275,58.3710872364893,722.932260550378,0.378163057856728,781.533798170314
21063.9314046129,196.734485641735,212.391557291812,58.6001147776534,789.812464636728,0.117958421746272,708.238398850079
26623.1224270121,161.650025638743,224.566517723838,62.867906682164,771.401050857748,0.494194834853918,820.014358574034
33389.8183024938,180.300666263747,208.192841861676,58.477138955298,738.590302541166,0.294369050313798,687.748351492864
22562.1239342047,202.452915182481,233.184162214048,61.2175650621213,771.6518058001,0.168216621392145,832.320543694408
26603.334129616,189.991663166575,220.672578159594,60.2744584131975,732.211460566149,0.374591822231027,758.590422965242
23173.3541812803,213.308947661489,239.323662516143,62.3146904619549,759.094266786063,0.238929644156262,890.621301154833
34701.4222067169,180.677891559147,223.257596870991,59.4792776552979,725.460273507494,0.328807597559967,754.159671453488
21648.5559798111,159.033683193828,203.576359742588,58.1646471408033,757.094887399104,0.315733116371033,666.909911787588
19745.5916280798,153.553944586406,244.631406848679,61.6819383023676,792.098513513086,0.549349204835694,867.176340443887
20258.3721973629,183.144025132381,219.793753508837,60.8967279921178,777.211769890205,0.239026844418065,770.273332597073
24195.2153031299,180.227280939864,207.865946105706,60.2610230488457,766.405251108936,0.382299192426701,716.751499036555
27150.7628360113,168.010890020913,211.094915565009,59.6309655390208,726.829980401149,0.319586022528743,715.803625462718
29125.939552657,190.765082902317,201.20789765993,62.5011639074568,706.898796731431,0.263233252873694,726.233567443063
27390.6065495926,167.559640940915,198.694066331335,58.6517545716147,771.270122021671,0.304158954929589,657.946275887271
33249.3062973896,165.253037597085,217.110717493311,58.7351164868599,758.638335128693,0.259604264378395,722.270950723031
24042.2207909793,193.401516326218,242.604013297861,58.0917580023102,723.372811546155,0.324785590446859,794.415847890699
29889.1626695174,216.061469455874,201.362089748041,58.4064974235357,793.384103732195,0.132350256783447,666.084945683256
22495.3187524789,164.016213372907,240.035162871558,62.2914443323023,755.718880520444,0.52707801306826,864.631123485005
29339.7479851216,162.900103877436,234.200796659874,61.9499438773607,758.336984577831,0.437097189993613,838.363233671837
33615.13889349,186.063407825356,234.642019920449,58.5689280405006,731.592578495786,0.338601387932418,776.665260854103
34642.494502371,158.175185655324,229.880064482636,61.8516541304741,787.462379395145,0.376612640145326,820.315602432189
30189.8651115726,170.765886248384,224.48282975533,61.1748232406453,788.873058076123,0.446961988759497,785.657232423511
34004.290254838,219.576912556636,201.247170855211,60.04047214411,771.984129505944,0.136692091540708,692.190052313426
29327.1230171388,208.553961194452,223.550256167788,58.4557207060916,710.81860517048,0.268148919999304,738.596641522327
34417.0164960392,199.120315074105,212.582760527562,60.9517913729347,709.335639458188,0.3475210443751,743.392120860458
33117.5694973596,152.004306644898,200.349651503111,62.1943484857791,747.281734567651,0.287500176336025,723.359313599299
19715.844679629,168.911584510047,234.4819412519,60.1977381865077,715.781208410542,0.429084238614165,805.791780058396
25796.2715699147,189.29104748296,222.046652695917,60.2195271622966,734.088676527178,0.356379414772686,762.304746150479
23910.1569642419,199.559887412934,231.567667245685,62.1328157707195,718.527956603785,0.161941006141742,841.949063275821
18408.499781057,196.370771693896,218.366290660637,59.0798054746275,732.609237302323,0.159643616647809,746.487734537831
25680.9999466498,163.041278925754,222.34225584818,58.8854011272464,793.901451649093,0.362834333404169,739.156882189718
20367.8416505329,182.316747517023,230.031388770682,61.4611458799485,775.839028889538,0.269509707017314,817.313911845265
18575.0271123607,163.639078420523,207.556168372575,61.2355603571484,715.353058281739,0.41476377693592,730.552545161199
25275.4645949202,214.346394021324,236.836788268444,62.5547676632865,767.786105420921,0.232061265730293,882.311029507771
21875.5327580153,188.423856629623,215.51082452736,59.7039499129437,703.126504608367,0.261363967178842,733.922441205315
33888.5287213225,177.08406521434,229.817159778216,59.0338741544733,798.444967666273,0.38591062944155,765.948841785864
31572.0787020902,214.199002923589,210.874419911547,60.23871171619,753.819597746348,0.171505333534027,728.720187516896
34298.8593947819,213.159656158732,229.59120702453,60.0159304992853,751.02445782827,0.241502990733753,786.183443693254
32790.1787535199,184.861783747841,197.449764454805,62.7115265241397,726.266054040668,0.367053172525042,719.716971788344
30180.3499107226,197.662604426099,241.428380268239,62.5763814061139,746.369978425762,0.328498849568316,879.893390128655
28059.5999360662,172.349328327307,233.633980667079,60.2340743325133,753.050929138014,0.417264276938953,801.680625434361
19075.0951049993,171.658409971215,227.775518210502,60.1557533623536,766.861492786997,0.395646630684277,780.873554697821
22471.0123291406,187.896041589334,210.645427027848,60.2902289688882,704.651725675783,0.327405830862527,730.598061289368
29858.9081894901,208.847597967616,236.533554345005,61.6147142063812,735.42372447272,0.197690356756393,846.535629862685
24654.9321849008,191.268162945621,232.695301912447,60.7467812269999,739.335928874952,0.319223798119225,810.706406256635
23438.664580127,181.740505081123,217.184025494293,59.4644506291808,716.673401823041,0.395272853664317,734.603618206341
19665.7117729507,195.880464512289,205.187705466441,61.7851515892227,726.126662736882,0.164084114627354,746.953879287167
19162.8269068975,206.771663741747,204.033382975765,62.5235138351108,725.878639990049,0.196928421113239,773.863373412936
21474.6951799297,204.749230333036,218.831866992815,61.5446427674445,781.229946350199,0.200889165274064,793.854808526765
31956.2359589293,175.959051178009,233.561929238206,58.991505186186,769.459432166885,0.367499323200249,778.37414427543
29037.0186046474,215.470757346064,230.212656182151,61.9363157709532,791.962944016259,0.183436643681667,836.6972050039
23780.2124021111,151.162388573779,219.273257332898,62.9484425513057,732.517806270937,0.438593691759797,805.919447435812
18953.6674932007,181.090541250622,205.590906418018,61.3869617714715,787.767748887851,0.189464101332923,730.525361968124
21083.77132635,213.573666950227,207.242451081998,59.2537449192688,785.681304398577,0.176003404385046,718.071652103382
25396.8445198839,198.164734881428,198.009360505708,58.0329962185648,745.328084301632,0.228852972313453,646.271058185499
20448.1509213321,198.919065678107,204.14310075119,60.0258500359509,763.992372689117,0.139001119236652,709.424367917423
30589.9005356366,160.807606033478,195.769190850957,60.3897394883809,761.271050543885,0.280815034947927,675.378002727341
31086.0162475294,190.305657556188,228.303782972218,62.5452192711697,732.342989892061,0.426761416477718,828.317238450647
20148.2106464436,217.724738576887,224.20428874958,61.064153605828,728.154234237874,0.188549951484089,825.620692291641
30140.1429266703,164.822244977261,244.391786360721,59.4289386385933,718.329216979384,0.303503913254513,826.527714102006
26408.3151698301,173.052216880377,232.497857070901,61.4232690574592,783.897867472526,0.487219912750137,819.22012638348
34410.976874538,176.945382414268,207.537560278983,58.5013468361612,754.049911824239,0.285151199345098,685.274564747811
31062.5944470328,175.309357995122,229.788718632855,59.1010300129548,735.016184849938,0.336019552637409,769.385154048221
27811.7870968571,193.6031954836,195.678253972797,61.668805641763,751.569423248393,0.285805160468514,697.291844216764
28141.4483454666,166.495291247464,244.236326591876,59.5117304953249,708.711486594012,0.325714793463249,827.911180690215
20932.3239443708,185.010299701995,225.401430714077,58.1763976488056,711.762532374524,0.295544405634965,740.352273239502
33028.1097279508,177.858509349286,201.01291635598,60.5067210375435,776.399846161824,0.365494891086986,692.768532518299
27297.3692661837,194.575032549572,219.508317711186,61.256378396598,789.791648440407,0.284903500838292,773.516498111791
27593.5299422102,166.783326861142,241.938007314694,61.9069937111822,733.533705408765,0.467938342588679,865.126522989382
27613.0501013923,188.226386703518,236.966972132247,59.5548482949504,741.396922857006,0.400751773439565,800.09815215487
22683.0279126071,201.708144510928,209.79931360241,60.2207530644617,738.091091579895,0.116977633053332,729.780446108966
31555.1816068617,198.052783695378,214.380166752625,60.7721851677554,748.270928354506,0.342771518889834,745.358974668745
32479.1973399569,208.049293046848,237.202421540751,58.4204442802011,741.827147300488,0.333552531417631,781.041851205809
22845.8407962843,216.874470087187,239.806660216547,59.0115901857841,739.106972160519,0.177034946844225,819.11177265138
25190.4063074627,209.354016822698,240.618191001809,59.921877695238,766.988805247675,0.126398542659587,830.045738224767
20936.3598513786,215.790338498921,242.379576140068,59.3664755531026,728.973233009194,0.185420678559847,844.630990006285
22033.9628605874,151.440592228837,219.709678440271,60.3671259583054,793.856916183807,0.446219956443984,757.654506967985
23678.0912495286,193.728300063619,237.632926487133,61.2078774719339,732.446978348663,0.249830300315016,840.271544960198
33221.9095950834,169.164760168626,212.37334329851,60.6895831310077,723.556496666531,0.32269589715264,738.474120474858
28553.859121106,206.499782944083,236.235454128452,61.8262654424073,797.332800950711,0.161142333502276,852.379464271622
27885.2156030179,207.086112214036,212.410971322019,61.1095950050169,725.057024932154,0.176361404066324,750.231933263158
34108.2289646969,153.432549214136,225.133458297953,59.4773857441032,754.365910168129,0.279045485876748,761.864116645299
31135.7094243187,191.156610063351,217.755709210196,58.643005674747,733.916359915081,0.343734609118282,719.8340759447
18224.5033888045,209.208370225424,239.164884134528,61.1661064938355,708.447602905662,0.1968278021232,885.067689436966
19929.0857906144,190.624040539356,198.446125646055,59.094804724832,795.352940363116,0.134207023639477,669.127083098576
22206.65850328,179.275615348393,242.426903292727,59.6052677354381,738.228444631924,0.407228322952284,821.195529619258
23101.7826676984,155.596835530195,217.580585755476,61.9665185727317,765.544581486721,0.448424766178884,777.971002033223
31935.3294870013,200.822739853247,218.436490779758,59.1264347508321,785.461659288229,0.328590098675005,729.443665249451
30722.8084192484,155.362611523242,235.691136765693,60.6787627969059,755.90665948218,0.32419662919033,819.864523517134
20324.326564675,191.435703117743,227.875400727511,58.5219384216212,771.603525195301,0.169116462927088,757.616860320273
26831.7710168979,214.181100602002,242.772663580761,60.1686230644488,778.674679553975,0.149803057438916,843.167274957544
19741.6185532505,178.83499277399,222.076634626974,62.9043750842015,738.829810547326,0.283488193772238,819.145537333598
20796.7532464376,203.848282044573,222.739896334043,62.7804099569551,763.820828137797,0.227913436752206,837.971226886327
22090.4117497111,205.723845731868,243.547579413921,62.74293460292,722.785158376294,0.21966602453071,911.514767094205
33247.7740359793,150.747438059214,241.190520666808,60.9138072943694,705.780359358908,0.308541976453808,845.525322026639
24147.075221938,214.063806569335,205.756258640556,59.4811704900858,798.773048274249,0.160312655922935,706.624355309629
33421.1758210744,163.227392803768,210.064380678216,59.8350178212615,710.158779799187,0.247262319568455,717.916932392114
30422.1216592186,169.988279693336,226.012674113287,59.0530115957002,743.457327175602,0.316021766713398,756.249073994859
30377.9179391368,210.715173524346,241.854413513588,58.5473427613466,707.343439728635,0.283266517106003,801.381998772143
31377.7993982246,197.568495295133,222.984611966739,58.8695684948036,791.943302670192,0.361348187252774,739.955798782036
19566.3662065174,176.024109053349,231.083297990282,60.3710097534739,712.290789492639,0.356798802135055,798.283532363978
31628.5520999954,156.456492699578,199.62114956254,58.1490708121693,779.020181008159,0.228939836616277,654.606652905311
22281.5801943488,176.823825018963,220.968688620103,62.7154901296256,772.089859603778,0.422317010557049,805.548297006659
34773.1318370981,217.574902165965,202.664718578656,60.7858973637767,704.619372469757,0.200081881831222,708.559963867904
32172.2297670921,157.285755547233,208.322254247676,58.8900232852422,772.563731699537,0.247830472868756,695.144870033188
34972.4681754843,208.766457770884,203.668022270527,60.1674677903097,797.057074291979,0.234873530419968,698.485424784976
33927.7446667394,172.845077585053,203.629162750366,59.973904045975,752.456633866095,0.314018572069628,695.322701608225
24031.9207115934,195.289995081503,244.524446571812,62.1839812263612,730.339265607922,0.219887346144481,887.423026978734
33993.6071261401,193.836603548306,209.723726696238,58.648914437077,755.084389245333,0.340610590282924,693.037086677571
23560.494691043,172.869250273498,223.10782382091,60.2452869745631,713.490916746614,0.425160436967645,767.877346484797
29003.7933266858,153.952777817826,196.265346479544,61.5214850100694,795.815976078633,0.335657382635151,693.819530203261
31704.23893887,159.98644867591,234.605674261778,59.9455092048022,737.415660086705,0.28911694379081,803.008363561252
24439.0670576733,189.049777684887,228.576703921838,59.8559183938674,746.149800163039,0.33998281437917,779.002057624846
21365.4294094918,216.291446662331,206.843331804419,59.7337806968926,740.491757509062,0.167431433039624,726.377883671253
33081.9516796753,214.477650479552,197.099075313713,61.755767909753,702.483258318763,0.180094582468732,707.154921733661
19641.3892176009,157.732459648508,208.838601905614,58.6344272872875,703.689640163912,0.328249838182006,692.658191072466
24132.5942886609,211.181597084472,226.100894455862,62.2896442693052,757.222432641091,0.208202092820115,835.138095494186
26995.5325160641,166.442046991336,195.936364284791,58.3900820530408,750.697978893083,0.276083658955073,645.362197353367
31389.3798653516,213.742058546759,198.840563867717,59.616521183252,798.658689152175,0.148988563692379,676.609802438688
32582.0272351431,203.002485189668,214.961199898085,60.0492407402407,728.426693167245,0.328605714801408,734.874662176059
26387.3767065903,217.181229512272,204.095865865128,60.0593366572257,737.670309607632,0.124329698973614,708.057619334064
27555.1893896758,180.522356774622,226.281216403821,58.9509442230566,799.021010194963,0.401744361301069,751.594945300946
32323.9561441435,201.008794362616,203.957988672515,60.9625089159264,704.927465216041,0.319531701376992,713.128089990419
25685.1943370441,201.3849446806,244.681896935385,60.3127627844656,765.421630207941,0.208809039929,846.755955168265
27283.4808479272,183.851030565227,216.442442625725,60.8114988520619,711.296196130365,0.40086586567378,754.146517982975
18287.8685474751,218.436473865509,202.754662060647,61.0427617561204,794.33077259624,0.179531129651881,759.288546315734
34197.474943041,166.992837156128,198.652675239229,58.9688572548988,730.114506358297,0.215269134573965,664.798351014195
27475.8719357814,219.191564556856,215.476111708778,62.5872267384981,781.58168766624,0.214583454193111,803.79254865958
30162.1808729578,206.764610180558,234.784036316483,62.1570303407269,790.887297516041,0.158450970594631,851.097179581168
22209.3572585639,193.031351710173,216.491295619391,62.1418925367502,784.471743974012,0.143326280798925,785.770195061976
28986.4086024832,155.413372780635,202.340312388354,60.64520568783,756.676170350394,0.215685828971234,698.863585304414
25598.229041599,168.367725337951,218.910859247374,62.1075525402493,797.623328036319,0.489131949697476,783.262718895578
19756.0482556787,208.556151965652,211.710613483639,61.1144322287402,768.302080461342,0.198935702124562,771.08549914446
31889.0569510516,200.649948600261,219.755189851082,60.3039923687628,778.892500222292,0.323041333117983,755.175618528565
32023.1946906372,217.289940055468,214.222876784147,61.6950461286881,726.619175867952,0.123487434093771,768.967092015589
19042.1241107118,177.479511867146,227.010835145565,60.9353820098384,742.198470903535,0.28852196993051,796.16749142513
24505.9466607967,212.472918837276,234.466285915873,58.0063929067766,761.317640728148,0.104103106853561,773.991567967651
22749.8034982285,209.846527039509,238.929151298951,62.9838684367656,715.990135829167,0.218258369381681,903.490588988877
26508.7740405342,217.516818658293,231.441198290073,60.2428034770209,796.659654577986,0.182444067043186,808.897797630158
25984.6033277757,169.505892032001,212.738304414091,60.8374266398531,712.386515947825,0.382588956605215,741.798133606203
28980.0500246102,183.748249115888,217.019308675761,60.1201733028998,774.029946843811,0.395768131765267,741.759629239403
22195.2038722275,155.955848834827,226.692606696511,58.562276586842,706.174211905974,0.307991911851422,751.865598603944
21660.4323600393,190.843137165791,206.261109723025,62.1727464196009,711.46950188281,0.195539206635986,750.020170722759
30068.9603585605,201.039876378841,229.514352280266,61.3748398361154,763.185042852389,0.277990505422793,811.420212630958
34598.0808686109,166.577511995449,227.169962346822,62.1450772357753,745.692163333557,0.403505557438533,817.23447046561
34085.7933972128,162.046369972786,227.438153084773,60.447478622464,700.31824011665,0.296290353345163,788.53428328449
31148.7510714572,194.296430884151,211.445866432238,61.9325876861352,739.827904411229,0.360705508668148,756.19126210573
19113.0894468955,177.273133500965,224.852956769,61.979844684039,727.247118428954,0.2921864082406,809.58074067331
21981.8986698243,179.368454818893,205.226894989555,59.7171871100147,786.67315739178,0.344991188934221,695.615508697982
29530.8104161404,182.748124829031,204.819339260171,58.022592685769,770.92664272292,0.32278997272752,667.508509180898
22979.3998297391,185.473572223525,232.723692112785,62.3030205822003,774.474383031693,0.304116450042842,844.028173465851
24581.4416290122,163.561190148134,213.676824172718,58.9404004719215,795.194645590936,0.368587681357663,710.888225624678
34234.2530480407,189.945925514232,221.867201121567,62.3739212826557,771.176351288609,0.452486383712206,800.688197724481
19442.7016160668,154.975456317251,209.495301043268,61.0622995212174,717.712737278293,0.410211914401232,734.00949660266
32440.6390021345,157.762636350659,207.052017079779,61.1496277470541,793.643363620994,0.323666311881131,726.433995720314
18758.8153371518,199.561902632575,233.377934288063,59.2651907444037,712.618820635458,0.173749220962139,803.861567937037
23715.1218730464,200.967504625337,234.148670877464,60.0990389156767,721.641106464483,0.172351671960494,808.267526280498
27203.8981375754,169.070116296029,236.019808734387,59.5781108075146,729.934545413382,0.369232081465864,799.069058534854
24004.7623701383,163.008245608287,237.304685801423,58.9632746177507,719.181867257468,0.342407499096112,792.920699657659
34314.0799854174,153.911202297117,215.118320075634,61.5788155080749,701.561830786381,0.242369352929902,765.456722538861
26244.7095599521,178.799434216772,234.758288981213,58.5278485169454,746.538696526888,0.390390181342981,774.603318980171
30242.8626180973,185.432434332757,212.273998852892,60.5658637395979,769.63681726247,0.412787529481959,732.624011090753
29752.8520565176,212.927697214821,197.753959094597,60.6681504801065,742.406495567935,0.139110133482833,691.411777107364
31964.3504128511,150.259043023101,228.76444440096,62.7879077785626,725.762828506218,0.343097831727827,839.11714625558
32502.5201884204,178.111030067914,205.338248481566,62.3844433905343,787.924687598895,0.445315751757244,739.723502291386
25670.3478869417,178.862333691119,217.154793351227,60.4842668078405,739.484201472932,0.38984948624396,750.048300639083
32496.3544699143,211.827861420814,203.563645648223,62.2081112082701,783.910413853862,0.119131426716721,739.691762119124
28923.8900654209,163.609955005899,214.247397055038,61.9204269877268,719.621870406509,0.377650398517994,767.205101914207
29455.746549123,154.769785666831,238.837390986087,58.158505931897,734.383482024897,0.293282911957441,784.571342583831
20813.3799202145,176.603193887522,225.338581189009,62.5975167690531,780.48425772332,0.367857307675879,820.254499189429
22131.4358186171,192.709353320853,202.738749231645,61.4103049538624,703.077136582336,0.177998812068549,722.712429555806
29489.7664795198,209.565695257542,230.67018120605,61.3354986758104,791.702566945881,0.14066701481395,820.205891641023
22465.6165404627,169.272908886155,236.920900260469,61.5318866196532,740.117836527862,0.484661051445689,838.763694705466
26024.1952258697,167.703938021389,203.680553206399,59.156667440367,798.01603187194,0.361534711020185,680.445793364531
26022.0142115555,172.904369773926,231.534520680284,58.1665981613194,770.330654752778,0.388765657033457,757.374001590755
21910.0618541031,158.09471235799,222.24984119557,59.1822678831566,794.801171612394,0.398728772929585,743.802094567332
27464.421420283,218.600864015603,224.929117693656,61.9581713988828,707.12964750452,0.158424987751963,820.609994193146
27401.3487660046,187.362397897847,241.846965527443,60.9289695167921,772.749401351671,0.41614442426782,843.643103695341
20047.7686643186,169.472695331627,197.106557973823,59.8734474929442,787.259941207342,0.389321334078837,669.453389223061
24429.9862983039,175.40626988095,226.522598404552,59.2382263654683,798.974355722851,0.422010596375071,758.807313544262
24154.4728924786,210.194566128554,199.025715571241,61.9949791023177,703.492488347831,0.117967756590258,726.635024008656
27374.1780044702,196.681890687392,233.877487225594,60.3323804487264,709.048853190262,0.341096800433808,806.109300840642
30373.6607411727,188.288098439507,239.395424541271,61.0166622382341,773.800392105584,0.460705527801474,836.298906336161
18270.1939700698,200.38571383304,199.224789337929,58.0733611294487,704.31763247801,0.133635358325761,669.619885748652
20065.7937092464,202.781708335368,196.573508701349,60.2488043683792,701.076709932612,0.14964828306928,691.487904296484
23063.7599712711,163.347147869916,242.779781452997,58.0926527783791,755.133304084725,0.371493823398946,793.985164990287
31530.9718772315,161.009738842403,241.223080452454,61.8968577842112,753.546390181717,0.418656482109511,867.944833990353
25881.2271484771,217.672714210111,241.105546347289,59.2747403185059,762.567733361277,0.150148909645033,821.947276042292
26351.1352123949,163.084868116366,241.904504932757,58.8572141069014,701.281551430127,0.300149439093077,807.652365886318
24752.4858801146,182.19661407402,219.692327252235,62.6394374017166,750.700515575018,0.40145941973744,804.068953230222
24845.8420787767,218.905933959276,243.656621955835,58.1069094392993,730.04457472344,0.1293843448621,809.013274773943
34612.2894519515,178.689272657806,239.104492395631,59.0140526481562,776.137693855779,0.375166452339802,797.257882087429
33143.1387309682,185.800700329291,199.780484341438,59.2310897866791,736.029827787313,0.316330683012112,669.983894049316
30121.2077024485,205.520800765818,235.04521089429,62.1193770325843,736.710129742521,0.227517303916474,848.355336994938
23421.5200754144,174.012688827702,230.063767794635,61.5162115901505,766.161150212081,0.461154014995174,812.698351148147
26449.3581885773,179.918896507482,201.973293896344,62.8513054673291,767.037791126358,0.411247900970404,737.269586725747
29523.5145648766,173.315665475916,231.311866960429,61.4592272871188,706.231937319099,0.407534626382511,819.16515782199
24602.8856939678,170.254558670148,218.688941905774,59.1964148593378,763.497044401016,0.389488793389226,732.075092007288
26673.18127307,182.773758568471,237.227434548832,58.849041624144,766.831080485876,0.412961834796909,787.376998993858
20338.4192782769,202.216895549537,235.374547900661,61.707624883066,746.291583744957,0.214117921547468,858.654821702516
19535.4151628068,210.331624517017,242.06174395541,62.5073278168237,782.904022378054,0.250658152082559,921.762376029715
20702.3588887199,182.649467217939,198.806692350617,62.5480825856531,700.759600112842,0.240417316059271,726.502968599707
30490.4394611354,172.639355272548,229.913401159445,61.8042264702899,796.941746625215,0.47116281739427,816.264804242337
21111.126082712,213.80732869651,213.544047784554,61.9570365083408,738.425461525283,0.203874462227763,796.441003410319
33594.1887286769,173.787265492781,233.134753874846,61.2903232495507,760.902083765049,0.434298122608677,819.763728487467
24238.8304233189,204.068137046002,224.875322367095,61.6338261538069,703.629469708339,0.123555460061177,808.74084813877
20707.2425514838,202.319004745464,219.398974996806,58.6187246540089,771.077595507705,0.140035949406539,737.038941569673
31809.2381846044,153.616447459397,195.295098930439,59.6764604958075,754.882924729974,0.243537922412993,664.793387177557
25530.4331677054,162.64485291373,225.11273482919,60.3339886939789,796.425386716634,0.426207564126493,773.489720574428
24486.5639705502,189.690708492463,215.460060015119,61.3082678666387,742.570171747453,0.301490118087584,760.474431432307
23528.2405017574,210.353087232108,211.35939624464,60.1831014806273,772.69550244254,0.138946120286296,741.521654684972
23574.6892220479,190.96894178626,244.423494764293,59.9680273625012,708.145373443372,0.329898825167263,836.625423253964
29050.6294134997,201.897154843436,229.421926961454,60.7911869940037,707.061548977514,0.306038328210177,800.716874609974
27013.6019293421,201.308623290714,221.601382971036,60.0632450109533,794.750862234136,0.210227493656234,762.723986574465
25695.1418348713,183.709172456963,237.998116331394,58.4030559960535,727.475437819734,0.376619772538248,783.44914294884
25313.540965631,188.612390077443,206.739522212983,62.8582916793013,791.006931071658,0.264411113668644,758.802884730215
20244.1839996396,155.15213416412,225.78556866595,62.6370158793825,709.856551446915,0.484652118582472,822.418254636427
31864.4295932462,214.773728167079,237.617145973316,58.215720560385,764.681522036356,0.237766455745289,780.650544338147
33656.8595848038,196.817484305134,201.418608042703,60.6433796237579,755.683557392289,0.347933658274401,697.312908660528
31353.3759695647,160.43757237838,207.092744820636,61.5297594546729,796.713519944285,0.364857749726011,731.702603342946
25433.3504630497,167.020935193017,199.092934731093,60.9933844891878,740.804473750397,0.376042608198671,695.928213403808
34563.8304743424,150.432263753655,244.54051512209,59.8228122783709,705.007319830774,0.368081635157533,834.281151008788
28424.9195776394,168.810585688218,223.922098040468,62.0039668893597,747.784035483222,0.448504684877241,801.801914265874
30789.6240028934,172.14210729242,218.978661676981,61.0421661056317,782.532248341165,0.424339495667733,764.785885494428
30300.5352606414,197.399055897458,211.75601487352,59.2184734093684,705.413188196721,0.268893860730694,722.460104536956
29830.5567243216,183.062368222749,217.099147399845,61.0119025414367,704.184129573821,0.388230604936941,759.470535525806
28794.5131395034,208.634285413966,233.080968431224,59.4061373762633,782.207401324766,0.20246925728024,788.567177641239
21533.0851953451,156.363335097831,240.679298639512,60.9158268447857,782.474536357891,0.49143754066657,838.505112145049
22962.8173075486,199.25933396458,200.276949491818,61.771224291185,722.335367015745,0.116261290112191,722.541290695894
32895.4720889281,211.167493747915,209.859676299152,59.5292285265069,766.68568192183,0.241606619471425,715.57248335048
20953.9838145866,179.020999777761,204.753679087497,59.4353573979678,707.010803453593,0.329046986068655,691.47716458962
20433.4823054232,170.351845687817,216.356022390901,61.5871601943466,776.843766820294,0.430264652640607,766.548713597677
22801.8812537131,180.813159476723,221.224364694926,60.5498929984212,731.903403628688,0.385237725891989,765.987790111645
24079.5877010064,204.912086000087,230.479724373535,58.7204281465188,725.179327971432,0.170322797029392,770.823216204653
27169.149191427,214.24266660432,238.260474581617,60.7124145754122,768.357804012168,0.148099011166454,838.80253178157
28177.2928164103,154.697674386421,221.758736105745,61.2937820230292,790.910384758467,0.378015144821863,780.43389108484
31113.026464116,186.719900458242,218.952876708218,60.4811554332343,704.51103735524,0.371841037380624,756.646051834303
19216.9127779443,194.319759061821,223.599739376042,61.0966540795764,715.816277329635,0.150246578937234,800.48665146807
21435.4102396325,151.420349935497,238.997302668257,59.9068103536123,727.875027637767,0.370296683610037,816.746251255278
26267.8963679798,162.835988331211,227.085655100576,62.4156493456557,792.630504575736,0.49124867330021,819.040170681495
